lat	lon
45.083333333333336	-79.91666666666667
45.25	-79.91666666666667
45.416666666666664	-79.91666666666667
45.583333333333336	-79.91666666666667
45.75	-79.91666666666667
45.916666666666664	-79.91666666666667
46.083333333333336	-79.91666666666667
46.25	-79.91666666666667
46.416666666666664	-79.91666666666667
46.583333333333336	-79.91666666666667
46.75	-79.91666666666667
46.916666666666664	-79.91666666666667
47.083333333333336	-79.91666666666667
47.25	-79.91666666666667
47.416666666666664	-79.91666666666667
47.583333333333336	-79.91666666666667
47.75	-79.91666666666667
47.916666666666664	-79.91666666666667
48.083333333333336	-79.91666666666667
48.25	-79.91666666666667
48.416666666666664	-79.91666666666667
48.583333333333336	-79.91666666666667
49.083333333333336	-79.91666666666667
49.25	-79.91666666666667
49.416666666666664	-79.91666666666667
49.916666666666664	-79.91666666666667
50.083333333333336	-79.91666666666667
45.083333333333336	-79.75
45.25	-79.75
45.416666666666664	-79.75
45.583333333333336	-79.75
45.75	-79.75
45.916666666666664	-79.75
46.083333333333336	-79.75
46.25	-79.75
46.416666666666664	-79.75
46.583333333333336	-79.75
46.75	-79.75
46.916666666666664	-79.75
47.083333333333336	-79.75
47.25	-79.75
47.416666666666664	-79.75
47.583333333333336	-79.75
47.75	-79.75
47.916666666666664	-79.75
48.083333333333336	-79.75
48.25	-79.75
48.416666666666664	-79.75
48.583333333333336	-79.75
48.75	-79.75
49.25	-79.75
49.416666666666664	-79.75
49.916666666666664	-79.75
50.083333333333336	-79.75
51.083333333333336	-79.75
51.25	-79.75
51.416666666666664	-79.75
45.083333333333336	-79.58333333333333
45.25	-79.58333333333333
45.416666666666664	-79.58333333333333
45.583333333333336	-79.58333333333333
45.75	-79.58333333333333
45.916666666666664	-79.58333333333333
46.083333333333336	-79.58333333333333
46.25	-79.58333333333333
46.416666666666664	-79.58333333333333
46.583333333333336	-79.58333333333333
46.75	-79.58333333333333
46.916666666666664	-79.58333333333333
47.083333333333336	-79.58333333333333
47.25	-79.58333333333333
47.416666666666664	-79.58333333333333
47.583333333333336	-79.58333333333333
47.75	-79.58333333333333
47.916666666666664	-79.58333333333333
48.083333333333336	-79.58333333333333
48.416666666666664	-79.58333333333333
48.583333333333336	-79.58333333333333
48.75	-79.58333333333333
48.916666666666664	-79.58333333333333
49.25	-79.58333333333333
51.416666666666664	-79.58333333333333
51.916666666666664	-79.58333333333333
45.083333333333336	-79.41666666666667
45.25	-79.41666666666667
45.416666666666664	-79.41666666666667
45.583333333333336	-79.41666666666667
45.75	-79.41666666666667
45.916666666666664	-79.41666666666667
46.083333333333336	-79.41666666666667
46.25	-79.41666666666667
46.416666666666664	-79.41666666666667
46.583333333333336	-79.41666666666667
46.75	-79.41666666666667
47.083333333333336	-79.41666666666667
47.25	-79.41666666666667
47.416666666666664	-79.41666666666667
47.583333333333336	-79.41666666666667
47.75	-79.41666666666667
48.083333333333336	-79.41666666666667
48.25	-79.41666666666667
48.416666666666664	-79.41666666666667
48.583333333333336	-79.41666666666667
48.75	-79.41666666666667
48.916666666666664	-79.41666666666667
49.083333333333336	-79.41666666666667
49.25	-79.41666666666667
49.416666666666664	-79.41666666666667
49.583333333333336	-79.41666666666667
49.75	-79.41666666666667
51.916666666666664	-79.41666666666667
52.083333333333336	-79.41666666666667
52.25	-79.41666666666667
45.083333333333336	-79.25
45.25	-79.25
45.416666666666664	-79.25
45.583333333333336	-79.25
45.75	-79.25
45.916666666666664	-79.25
46.083333333333336	-79.25
46.25	-79.25
46.416666666666664	-79.25
46.583333333333336	-79.25
46.75	-79.25
46.916666666666664	-79.25
47.083333333333336	-79.25
47.25	-79.25
47.416666666666664	-79.25
47.583333333333336	-79.25
47.75	-79.25
47.916666666666664	-79.25
48.083333333333336	-79.25
48.25	-79.25
48.416666666666664	-79.25
48.583333333333336	-79.25
48.75	-79.25
48.916666666666664	-79.25
49.083333333333336	-79.25
49.25	-79.25
49.416666666666664	-79.25
49.583333333333336	-79.25
49.75	-79.25
51.416666666666664	-79.25
51.583333333333336	-79.25
51.75	-79.25
51.916666666666664	-79.25
52.083333333333336	-79.25
45.083333333333336	-79.08333333333333
45.25	-79.08333333333333
45.416666666666664	-79.08333333333333
45.583333333333336	-79.08333333333333
45.75	-79.08333333333333
45.916666666666664	-79.08333333333333
46.083333333333336	-79.08333333333333
46.25	-79.08333333333333
46.416666666666664	-79.08333333333333
46.583333333333336	-79.08333333333333
46.75	-79.08333333333333
46.916666666666664	-79.08333333333333
47.083333333333336	-79.08333333333333
47.25	-79.08333333333333
47.416666666666664	-79.08333333333333
47.75	-79.08333333333333
47.916666666666664	-79.08333333333333
48.083333333333336	-79.08333333333333
48.25	-79.08333333333333
48.416666666666664	-79.08333333333333
48.583333333333336	-79.08333333333333
48.75	-79.08333333333333
48.916666666666664	-79.08333333333333
49.083333333333336	-79.08333333333333
49.25	-79.08333333333333
49.416666666666664	-79.08333333333333
49.75	-79.08333333333333
51.416666666666664	-79.08333333333333
51.583333333333336	-79.08333333333333
51.75	-79.08333333333333
52.083333333333336	-79.08333333333333
53.75	-79.08333333333333
53.916666666666664	-79.08333333333333
45.083333333333336	-78.91666666666667
45.25	-78.91666666666667
45.416666666666664	-78.91666666666667
45.583333333333336	-78.91666666666667
45.75	-78.91666666666667
45.916666666666664	-78.91666666666667
46.083333333333336	-78.91666666666667
46.25	-78.91666666666667
46.416666666666664	-78.91666666666667
46.583333333333336	-78.91666666666667
46.75	-78.91666666666667
46.916666666666664	-78.91666666666667
47.25	-78.91666666666667
47.416666666666664	-78.91666666666667
47.583333333333336	-78.91666666666667
47.916666666666664	-78.91666666666667
48.083333333333336	-78.91666666666667
48.25	-78.91666666666667
48.416666666666664	-78.91666666666667
48.583333333333336	-78.91666666666667
48.75	-78.91666666666667
48.916666666666664	-78.91666666666667
49.083333333333336	-78.91666666666667
49.25	-78.91666666666667
49.416666666666664	-78.91666666666667
49.583333333333336	-78.91666666666667
49.75	-78.91666666666667
49.916666666666664	-78.91666666666667
51.416666666666664	-78.91666666666667
51.583333333333336	-78.91666666666667
51.75	-78.91666666666667
51.916666666666664	-78.91666666666667
52.083333333333336	-78.91666666666667
53.75	-78.91666666666667
53.916666666666664	-78.91666666666667
45.083333333333336	-78.75
45.25	-78.75
45.416666666666664	-78.75
45.583333333333336	-78.75
45.75	-78.75
45.916666666666664	-78.75
46.083333333333336	-78.75
46.25	-78.75
46.416666666666664	-78.75
46.583333333333336	-78.75
46.75	-78.75
46.916666666666664	-78.75
47.416666666666664	-78.75
47.583333333333336	-78.75
48.083333333333336	-78.75
48.25	-78.75
48.416666666666664	-78.75
48.583333333333336	-78.75
48.75	-78.75
48.916666666666664	-78.75
49.083333333333336	-78.75
49.25	-78.75
49.416666666666664	-78.75
49.583333333333336	-78.75
49.75	-78.75
49.916666666666664	-78.75
50.083333333333336	-78.75
50.25	-78.75
50.75	-78.75
51.416666666666664	-78.75
53.083333333333336	-78.75
53.75	-78.75
53.916666666666664	-78.75
45.083333333333336	-78.58333333333333
45.25	-78.58333333333333
45.416666666666664	-78.58333333333333
45.583333333333336	-78.58333333333333
45.75	-78.58333333333333
45.916666666666664	-78.58333333333333
46.083333333333336	-78.58333333333333
46.25	-78.58333333333333
46.416666666666664	-78.58333333333333
47.416666666666664	-78.58333333333333
47.583333333333336	-78.58333333333333
47.916666666666664	-78.58333333333333
48.083333333333336	-78.58333333333333
48.25	-78.58333333333333
48.416666666666664	-78.58333333333333
48.583333333333336	-78.58333333333333
48.75	-78.58333333333333
48.916666666666664	-78.58333333333333
49.083333333333336	-78.58333333333333
49.25	-78.58333333333333
49.416666666666664	-78.58333333333333
49.583333333333336	-78.58333333333333
49.75	-78.58333333333333
49.916666666666664	-78.58333333333333
50.083333333333336	-78.58333333333333
51.416666666666664	-78.58333333333333
52.25	-78.58333333333333
53.083333333333336	-78.58333333333333
53.75	-78.58333333333333
53.916666666666664	-78.58333333333333
45.083333333333336	-78.41666666666667
45.25	-78.41666666666667
45.416666666666664	-78.41666666666667
45.583333333333336	-78.41666666666667
45.75	-78.41666666666667
45.916666666666664	-78.41666666666667
46.083333333333336	-78.41666666666667
46.25	-78.41666666666667
46.416666666666664	-78.41666666666667
46.583333333333336	-78.41666666666667
46.916666666666664	-78.41666666666667
47.083333333333336	-78.41666666666667
48.083333333333336	-78.41666666666667
48.25	-78.41666666666667
48.416666666666664	-78.41666666666667
48.583333333333336	-78.41666666666667
48.75	-78.41666666666667
48.916666666666664	-78.41666666666667
49.083333333333336	-78.41666666666667
49.25	-78.41666666666667
49.416666666666664	-78.41666666666667
49.75	-78.41666666666667
51.25	-78.41666666666667
51.416666666666664	-78.41666666666667
52.25	-78.41666666666667
53.583333333333336	-78.41666666666667
45.083333333333336	-78.25
45.25	-78.25
45.416666666666664	-78.25
45.583333333333336	-78.25
45.75	-78.25
45.916666666666664	-78.25
46.083333333333336	-78.25
46.25	-78.25
46.416666666666664	-78.25
47.75	-78.25
47.916666666666664	-78.25
48.083333333333336	-78.25
48.25	-78.25
48.416666666666664	-78.25
48.583333333333336	-78.25
48.75	-78.25
48.916666666666664	-78.25
49.25	-78.25
49.416666666666664	-78.25
49.583333333333336	-78.25
49.75	-78.25
50.25	-78.25
51.25	-78.25
51.416666666666664	-78.25
52.083333333333336	-78.25
53.083333333333336	-78.25
53.75	-78.25
45.083333333333336	-78.08333333333333
45.25	-78.08333333333333
45.416666666666664	-78.08333333333333
45.583333333333336	-78.08333333333333
45.75	-78.08333333333333
45.916666666666664	-78.08333333333333
46.083333333333336	-78.08333333333333
46.25	-78.08333333333333
46.583333333333336	-78.08333333333333
46.75	-78.08333333333333
47.083333333333336	-78.08333333333333
47.75	-78.08333333333333
47.916666666666664	-78.08333333333333
48.083333333333336	-78.08333333333333
48.25	-78.08333333333333
48.416666666666664	-78.08333333333333
48.583333333333336	-78.08333333333333
48.75	-78.08333333333333
48.916666666666664	-78.08333333333333
49.25	-78.08333333333333
49.416666666666664	-78.08333333333333
49.583333333333336	-78.08333333333333
51.25	-78.08333333333333
52.083333333333336	-78.08333333333333
52.25	-78.08333333333333
45.083333333333336	-77.91666666666667
45.25	-77.91666666666667
45.416666666666664	-77.91666666666667
45.583333333333336	-77.91666666666667
45.75	-77.91666666666667
45.916666666666664	-77.91666666666667
46.083333333333336	-77.91666666666667
46.25	-77.91666666666667
46.416666666666664	-77.91666666666667
46.583333333333336	-77.91666666666667
47.416666666666664	-77.91666666666667
47.916666666666664	-77.91666666666667
48.083333333333336	-77.91666666666667
48.25	-77.91666666666667
48.416666666666664	-77.91666666666667
48.583333333333336	-77.91666666666667
48.75	-77.91666666666667
48.916666666666664	-77.91666666666667
49.083333333333336	-77.91666666666667
49.25	-77.91666666666667
49.75	-77.91666666666667
51.25	-77.91666666666667
52.083333333333336	-77.91666666666667
53.083333333333336	-77.91666666666667
53.75	-77.91666666666667
45.083333333333336	-77.75
45.25	-77.75
45.416666666666664	-77.75
45.583333333333336	-77.75
45.75	-77.75
45.916666666666664	-77.75
46.083333333333336	-77.75
46.25	-77.75
46.416666666666664	-77.75
46.583333333333336	-77.75
47.583333333333336	-77.75
47.75	-77.75
47.916666666666664	-77.75
48.083333333333336	-77.75
48.25	-77.75
48.416666666666664	-77.75
48.583333333333336	-77.75
48.75	-77.75
48.916666666666664	-77.75
49.083333333333336	-77.75
49.25	-77.75
49.583333333333336	-77.75
49.75	-77.75
49.916666666666664	-77.75
50.25	-77.75
51.25	-77.75
52.083333333333336	-77.75
53.583333333333336	-77.75
53.75	-77.75
55.25	-77.75
45.083333333333336	-77.58333333333333
45.25	-77.58333333333333
45.416666666666664	-77.58333333333333
45.583333333333336	-77.58333333333333
45.75	-77.58333333333333
45.916666666666664	-77.58333333333333
46.083333333333336	-77.58333333333333
46.25	-77.58333333333333
46.416666666666664	-77.58333333333333
46.583333333333336	-77.58333333333333
46.75	-77.58333333333333
47.083333333333336	-77.58333333333333
47.416666666666664	-77.58333333333333
47.583333333333336	-77.58333333333333
47.75	-77.58333333333333
47.916666666666664	-77.58333333333333
48.083333333333336	-77.58333333333333
48.25	-77.58333333333333
48.416666666666664	-77.58333333333333
48.583333333333336	-77.58333333333333
48.75	-77.58333333333333
49.083333333333336	-77.58333333333333
49.25	-77.58333333333333
49.75	-77.58333333333333
50.083333333333336	-77.58333333333333
50.583333333333336	-77.58333333333333
50.75	-77.58333333333333
50.916666666666664	-77.58333333333333
51.083333333333336	-77.58333333333333
51.25	-77.58333333333333
51.416666666666664	-77.58333333333333
52.083333333333336	-77.58333333333333
53.083333333333336	-77.58333333333333
53.25	-77.58333333333333
53.416666666666664	-77.58333333333333
53.583333333333336	-77.58333333333333
53.75	-77.58333333333333
53.916666666666664	-77.58333333333333
45.083333333333336	-77.41666666666667
45.25	-77.41666666666667
45.416666666666664	-77.41666666666667
45.583333333333336	-77.41666666666667
45.75	-77.41666666666667
45.916666666666664	-77.41666666666667
46.083333333333336	-77.41666666666667
46.583333333333336	-77.41666666666667
46.916666666666664	-77.41666666666667
47.083333333333336	-77.41666666666667
47.25	-77.41666666666667
47.416666666666664	-77.41666666666667
47.583333333333336	-77.41666666666667
47.75	-77.41666666666667
47.916666666666664	-77.41666666666667
48.083333333333336	-77.41666666666667
48.25	-77.41666666666667
48.416666666666664	-77.41666666666667
48.583333333333336	-77.41666666666667
48.75	-77.41666666666667
49.083333333333336	-77.41666666666667
49.25	-77.41666666666667
49.583333333333336	-77.41666666666667
49.75	-77.41666666666667
49.916666666666664	-77.41666666666667
50.25	-77.41666666666667
50.416666666666664	-77.41666666666667
50.583333333333336	-77.41666666666667
51.25	-77.41666666666667
51.416666666666664	-77.41666666666667
51.583333333333336	-77.41666666666667
51.75	-77.41666666666667
51.916666666666664	-77.41666666666667
52.75	-77.41666666666667
53.083333333333336	-77.41666666666667
53.25	-77.41666666666667
53.583333333333336	-77.41666666666667
45.083333333333336	-77.25
45.25	-77.25
45.416666666666664	-77.25
45.583333333333336	-77.25
45.75	-77.25
45.916666666666664	-77.25
46.083333333333336	-77.25
46.25	-77.25
46.416666666666664	-77.25
46.583333333333336	-77.25
46.916666666666664	-77.25
47.083333333333336	-77.25
47.25	-77.25
47.416666666666664	-77.25
47.583333333333336	-77.25
47.75	-77.25
47.916666666666664	-77.25
48.083333333333336	-77.25
48.25	-77.25
48.416666666666664	-77.25
48.75	-77.25
48.916666666666664	-77.25
49.583333333333336	-77.25
49.75	-77.25
49.916666666666664	-77.25
50.416666666666664	-77.25
51.416666666666664	-77.25
51.583333333333336	-77.25
51.916666666666664	-77.25
52.083333333333336	-77.25
52.416666666666664	-77.25
52.583333333333336	-77.25
52.75	-77.25
53.416666666666664	-77.25
45.083333333333336	-77.08333333333333
45.25	-77.08333333333333
45.416666666666664	-77.08333333333333
45.583333333333336	-77.08333333333333
45.75	-77.08333333333333
45.916666666666664	-77.08333333333333
46.083333333333336	-77.08333333333333
46.25	-77.08333333333333
46.416666666666664	-77.08333333333333
46.916666666666664	-77.08333333333333
47.083333333333336	-77.08333333333333
47.25	-77.08333333333333
47.416666666666664	-77.08333333333333
47.583333333333336	-77.08333333333333
47.916666666666664	-77.08333333333333
48.083333333333336	-77.08333333333333
48.25	-77.08333333333333
48.416666666666664	-77.08333333333333
48.583333333333336	-77.08333333333333
48.916666666666664	-77.08333333333333
49.083333333333336	-77.08333333333333
49.25	-77.08333333333333
49.583333333333336	-77.08333333333333
49.75	-77.08333333333333
50.083333333333336	-77.08333333333333
50.25	-77.08333333333333
50.416666666666664	-77.08333333333333
50.583333333333336	-77.08333333333333
51.583333333333336	-77.08333333333333
52.25	-77.08333333333333
52.416666666666664	-77.08333333333333
45.083333333333336	-76.91666666666667
45.25	-76.91666666666667
45.416666666666664	-76.91666666666667
45.583333333333336	-76.91666666666667
45.75	-76.91666666666667
45.916666666666664	-76.91666666666667
46.083333333333336	-76.91666666666667
46.25	-76.91666666666667
46.416666666666664	-76.91666666666667
46.583333333333336	-76.91666666666667
46.916666666666664	-76.91666666666667
47.083333333333336	-76.91666666666667
47.25	-76.91666666666667
47.416666666666664	-76.91666666666667
47.916666666666664	-76.91666666666667
48.083333333333336	-76.91666666666667
48.75	-76.91666666666667
49.083333333333336	-76.91666666666667
49.25	-76.91666666666667
49.583333333333336	-76.91666666666667
49.75	-76.91666666666667
49.916666666666664	-76.91666666666667
50.416666666666664	-76.91666666666667
51.583333333333336	-76.91666666666667
52.25	-76.91666666666667
52.416666666666664	-76.91666666666667
53.416666666666664	-76.91666666666667
45.083333333333336	-76.75
45.25	-76.75
45.416666666666664	-76.75
45.583333333333336	-76.75
45.75	-76.75
45.916666666666664	-76.75
46.083333333333336	-76.75
46.25	-76.75
46.416666666666664	-76.75
46.583333333333336	-76.75
46.75	-76.75
46.916666666666664	-76.75
47.083333333333336	-76.75
47.25	-76.75
47.416666666666664	-76.75
47.583333333333336	-76.75
47.75	-76.75
47.916666666666664	-76.75
48.083333333333336	-76.75
48.416666666666664	-76.75
48.583333333333336	-76.75
48.916666666666664	-76.75
49.083333333333336	-76.75
49.75	-76.75
50.083333333333336	-76.75
51.25	-76.75
52.25	-76.75
52.416666666666664	-76.75
52.583333333333336	-76.75
52.75	-76.75
53.25	-76.75
53.416666666666664	-76.75
45.083333333333336	-76.58333333333333
45.25	-76.58333333333333
45.416666666666664	-76.58333333333333
45.583333333333336	-76.58333333333333
45.75	-76.58333333333333
45.916666666666664	-76.58333333333333
46.083333333333336	-76.58333333333333
46.25	-76.58333333333333
46.416666666666664	-76.58333333333333
46.583333333333336	-76.58333333333333
46.75	-76.58333333333333
46.916666666666664	-76.58333333333333
47.083333333333336	-76.58333333333333
47.25	-76.58333333333333
47.583333333333336	-76.58333333333333
47.75	-76.58333333333333
48.583333333333336	-76.58333333333333
49.25	-76.58333333333333
49.75	-76.58333333333333
51.583333333333336	-76.58333333333333
52.75	-76.58333333333333
56.583333333333336	-76.58333333333333
45.083333333333336	-76.41666666666667
45.25	-76.41666666666667
45.416666666666664	-76.41666666666667
45.583333333333336	-76.41666666666667
45.75	-76.41666666666667
45.916666666666664	-76.41666666666667
46.083333333333336	-76.41666666666667
46.25	-76.41666666666667
46.416666666666664	-76.41666666666667
46.583333333333336	-76.41666666666667
46.916666666666664	-76.41666666666667
47.083333333333336	-76.41666666666667
47.25	-76.41666666666667
47.416666666666664	-76.41666666666667
47.583333333333336	-76.41666666666667
47.916666666666664	-76.41666666666667
48.25	-76.41666666666667
48.916666666666664	-76.41666666666667
49.416666666666664	-76.41666666666667
49.583333333333336	-76.41666666666667
49.916666666666664	-76.41666666666667
51.583333333333336	-76.41666666666667
52.416666666666664	-76.41666666666667
53.583333333333336	-76.41666666666667
45.083333333333336	-76.25
45.25	-76.25
45.416666666666664	-76.25
45.583333333333336	-76.25
45.75	-76.25
45.916666666666664	-76.25
46.083333333333336	-76.25
46.25	-76.25
46.416666666666664	-76.25
46.583333333333336	-76.25
46.75	-76.25
46.916666666666664	-76.25
47.083333333333336	-76.25
47.25	-76.25
47.416666666666664	-76.25
47.75	-76.25
47.916666666666664	-76.25
48.416666666666664	-76.25
50.25	-76.25
50.416666666666664	-76.25
51.75	-76.25
52.083333333333336	-76.25
56.083333333333336	-76.25
45.083333333333336	-76.08333333333333
45.25	-76.08333333333333
45.416666666666664	-76.08333333333333
45.583333333333336	-76.08333333333333
45.75	-76.08333333333333
45.916666666666664	-76.08333333333333
46.083333333333336	-76.08333333333333
46.25	-76.08333333333333
46.416666666666664	-76.08333333333333
46.583333333333336	-76.08333333333333
46.75	-76.08333333333333
46.916666666666664	-76.08333333333333
47.083333333333336	-76.08333333333333
47.25	-76.08333333333333
47.416666666666664	-76.08333333333333
47.583333333333336	-76.08333333333333
47.916666666666664	-76.08333333333333
48.083333333333336	-76.08333333333333
48.583333333333336	-76.08333333333333
48.75	-76.08333333333333
49.25	-76.08333333333333
49.583333333333336	-76.08333333333333
49.75	-76.08333333333333
51.75	-76.08333333333333
51.916666666666664	-76.08333333333333
52.083333333333336	-76.08333333333333
52.25	-76.08333333333333
52.75	-76.08333333333333
53.75	-76.08333333333333
45.083333333333336	-75.91666666666667
45.25	-75.91666666666667
45.416666666666664	-75.91666666666667
45.583333333333336	-75.91666666666667
45.75	-75.91666666666667
45.916666666666664	-75.91666666666667
46.083333333333336	-75.91666666666667
46.25	-75.91666666666667
46.416666666666664	-75.91666666666667
46.583333333333336	-75.91666666666667
46.75	-75.91666666666667
46.916666666666664	-75.91666666666667
47.083333333333336	-75.91666666666667
47.25	-75.91666666666667
47.416666666666664	-75.91666666666667
47.583333333333336	-75.91666666666667
48.083333333333336	-75.91666666666667
49.75	-75.91666666666667
51.416666666666664	-75.91666666666667
51.75	-75.91666666666667
52.083333333333336	-75.91666666666667
53.416666666666664	-75.91666666666667
53.583333333333336	-75.91666666666667
53.75	-75.91666666666667
54.25	-75.91666666666667
45.083333333333336	-75.75
45.25	-75.75
45.416666666666664	-75.75
45.583333333333336	-75.75
45.75	-75.75
45.916666666666664	-75.75
46.083333333333336	-75.75
46.25	-75.75
46.416666666666664	-75.75
46.583333333333336	-75.75
46.75	-75.75
46.916666666666664	-75.75
47.083333333333336	-75.75
47.25	-75.75
47.416666666666664	-75.75
47.75	-75.75
47.916666666666664	-75.75
48.083333333333336	-75.75
50.416666666666664	-75.75
50.583333333333336	-75.75
50.75	-75.75
53.416666666666664	-75.75
53.583333333333336	-75.75
53.75	-75.75
53.916666666666664	-75.75
54.25	-75.75
45.083333333333336	-75.58333333333333
45.25	-75.58333333333333
45.416666666666664	-75.58333333333333
45.583333333333336	-75.58333333333333
45.75	-75.58333333333333
45.916666666666664	-75.58333333333333
46.083333333333336	-75.58333333333333
46.25	-75.58333333333333
46.416666666666664	-75.58333333333333
46.583333333333336	-75.58333333333333
46.75	-75.58333333333333
46.916666666666664	-75.58333333333333
47.083333333333336	-75.58333333333333
47.25	-75.58333333333333
47.583333333333336	-75.58333333333333
47.75	-75.58333333333333
48.75	-75.58333333333333
48.916666666666664	-75.58333333333333
49.75	-75.58333333333333
50.583333333333336	-75.58333333333333
51.25	-75.58333333333333
51.583333333333336	-75.58333333333333
51.75	-75.58333333333333
53.416666666666664	-75.58333333333333
53.583333333333336	-75.58333333333333
53.75	-75.58333333333333
53.916666666666664	-75.58333333333333
45.083333333333336	-75.41666666666667
45.25	-75.41666666666667
45.416666666666664	-75.41666666666667
45.583333333333336	-75.41666666666667
45.75	-75.41666666666667
45.916666666666664	-75.41666666666667
46.083333333333336	-75.41666666666667
46.25	-75.41666666666667
46.416666666666664	-75.41666666666667
46.583333333333336	-75.41666666666667
46.75	-75.41666666666667
46.916666666666664	-75.41666666666667
47.083333333333336	-75.41666666666667
47.25	-75.41666666666667
47.416666666666664	-75.41666666666667
47.583333333333336	-75.41666666666667
47.75	-75.41666666666667
47.916666666666664	-75.41666666666667
48.083333333333336	-75.41666666666667
49.916666666666664	-75.41666666666667
50.25	-75.41666666666667
50.75	-75.41666666666667
50.916666666666664	-75.41666666666667
51.25	-75.41666666666667
51.416666666666664	-75.41666666666667
51.583333333333336	-75.41666666666667
53.416666666666664	-75.41666666666667
53.916666666666664	-75.41666666666667
45.083333333333336	-75.25
45.25	-75.25
45.416666666666664	-75.25
45.583333333333336	-75.25
45.75	-75.25
45.916666666666664	-75.25
46.083333333333336	-75.25
46.25	-75.25
46.416666666666664	-75.25
46.583333333333336	-75.25
46.75	-75.25
46.916666666666664	-75.25
47.25	-75.25
47.416666666666664	-75.25
47.583333333333336	-75.25
47.75	-75.25
47.916666666666664	-75.25
48.75	-75.25
49.75	-75.25
49.916666666666664	-75.25
50.416666666666664	-75.25
50.583333333333336	-75.25
51.083333333333336	-75.25
51.583333333333336	-75.25
51.75	-75.25
52.083333333333336	-75.25
53.916666666666664	-75.25
45.083333333333336	-75.08333333333333
45.25	-75.08333333333333
45.416666666666664	-75.08333333333333
45.583333333333336	-75.08333333333333
45.75	-75.08333333333333
45.916666666666664	-75.08333333333333
46.083333333333336	-75.08333333333333
46.25	-75.08333333333333
46.416666666666664	-75.08333333333333
46.583333333333336	-75.08333333333333
46.75	-75.08333333333333
46.916666666666664	-75.08333333333333
47.083333333333336	-75.08333333333333
47.416666666666664	-75.08333333333333
47.583333333333336	-75.08333333333333
47.916666666666664	-75.08333333333333
48.25	-75.08333333333333
48.416666666666664	-75.08333333333333
49.75	-75.08333333333333
50.75	-75.08333333333333
51.416666666666664	-75.08333333333333
51.75	-75.08333333333333
53.416666666666664	-75.08333333333333
45.083333333333336	-74.91666666666667
45.25	-74.91666666666667
45.416666666666664	-74.91666666666667
45.583333333333336	-74.91666666666667
45.75	-74.91666666666667
45.916666666666664	-74.91666666666667
46.083333333333336	-74.91666666666667
46.25	-74.91666666666667
46.416666666666664	-74.91666666666667
46.583333333333336	-74.91666666666667
46.75	-74.91666666666667
47.083333333333336	-74.91666666666667
47.416666666666664	-74.91666666666667
47.916666666666664	-74.91666666666667
48.25	-74.91666666666667
48.416666666666664	-74.91666666666667
48.583333333333336	-74.91666666666667
49.75	-74.91666666666667
49.916666666666664	-74.91666666666667
53.583333333333336	-74.91666666666667
45.083333333333336	-74.75
45.25	-74.75
45.416666666666664	-74.75
45.583333333333336	-74.75
45.75	-74.75
45.916666666666664	-74.75
46.083333333333336	-74.75
46.25	-74.75
46.416666666666664	-74.75
46.583333333333336	-74.75
46.75	-74.75
46.916666666666664	-74.75
47.083333333333336	-74.75
47.25	-74.75
47.416666666666664	-74.75
47.583333333333336	-74.75
47.75	-74.75
47.916666666666664	-74.75
49.75	-74.75
49.916666666666664	-74.75
50.583333333333336	-74.75
50.75	-74.75
50.916666666666664	-74.75
45.083333333333336	-74.58333333333333
45.25	-74.58333333333333
45.416666666666664	-74.58333333333333
45.583333333333336	-74.58333333333333
45.75	-74.58333333333333
45.916666666666664	-74.58333333333333
46.083333333333336	-74.58333333333333
46.25	-74.58333333333333
46.416666666666664	-74.58333333333333
46.583333333333336	-74.58333333333333
46.75	-74.58333333333333
46.916666666666664	-74.58333333333333
47.083333333333336	-74.58333333333333
47.416666666666664	-74.58333333333333
47.583333333333336	-74.58333333333333
47.916666666666664	-74.58333333333333
49.583333333333336	-74.58333333333333
49.75	-74.58333333333333
49.916666666666664	-74.58333333333333
50.416666666666664	-74.58333333333333
45.083333333333336	-74.41666666666667
45.25	-74.41666666666667
45.416666666666664	-74.41666666666667
45.583333333333336	-74.41666666666667
45.75	-74.41666666666667
45.916666666666664	-74.41666666666667
46.083333333333336	-74.41666666666667
46.25	-74.41666666666667
46.416666666666664	-74.41666666666667
46.583333333333336	-74.41666666666667
46.75	-74.41666666666667
47.083333333333336	-74.41666666666667
47.25	-74.41666666666667
49.75	-74.41666666666667
49.916666666666664	-74.41666666666667
50.25	-74.41666666666667
50.583333333333336	-74.41666666666667
45.083333333333336	-74.25
45.25	-74.25
45.416666666666664	-74.25
45.583333333333336	-74.25
45.75	-74.25
45.916666666666664	-74.25
46.083333333333336	-74.25
46.25	-74.25
46.416666666666664	-74.25
46.583333333333336	-74.25
46.75	-74.25
46.916666666666664	-74.25
47.416666666666664	-74.25
47.583333333333336	-74.25
47.75	-74.25
48.75	-74.25
49.583333333333336	-74.25
49.75	-74.25
49.916666666666664	-74.25
50.083333333333336	-74.25
45.083333333333336	-74.08333333333333
45.25	-74.08333333333333
45.416666666666664	-74.08333333333333
45.583333333333336	-74.08333333333333
45.75	-74.08333333333333
45.916666666666664	-74.08333333333333
46.083333333333336	-74.08333333333333
46.25	-74.08333333333333
46.416666666666664	-74.08333333333333
46.583333333333336	-74.08333333333333
46.75	-74.08333333333333
46.916666666666664	-74.08333333333333
47.083333333333336	-74.08333333333333
47.25	-74.08333333333333
47.583333333333336	-74.08333333333333
47.75	-74.08333333333333
48.25	-74.08333333333333
48.75	-74.08333333333333
48.916666666666664	-74.08333333333333
49.416666666666664	-74.08333333333333
49.75	-74.08333333333333
49.916666666666664	-74.08333333333333
50.083333333333336	-74.08333333333333
53.583333333333336	-74.08333333333333
45.083333333333336	-73.91666666666667
45.25	-73.91666666666667
45.416666666666664	-73.91666666666667
45.583333333333336	-73.91666666666667
45.75	-73.91666666666667
45.916666666666664	-73.91666666666667
46.083333333333336	-73.91666666666667
46.25	-73.91666666666667
46.416666666666664	-73.91666666666667
46.583333333333336	-73.91666666666667
46.75	-73.91666666666667
46.916666666666664	-73.91666666666667
47.916666666666664	-73.91666666666667
48.75	-73.91666666666667
49.916666666666664	-73.91666666666667
50.083333333333336	-73.91666666666667
50.25	-73.91666666666667
50.416666666666664	-73.91666666666667
45.083333333333336	-73.75
45.25	-73.75
45.416666666666664	-73.75
45.583333333333336	-73.75
45.75	-73.75
45.916666666666664	-73.75
46.083333333333336	-73.75
46.25	-73.75
46.416666666666664	-73.75
46.583333333333336	-73.75
46.75	-73.75
47.083333333333336	-73.75
47.583333333333336	-73.75
47.916666666666664	-73.75
49.25	-73.75
49.416666666666664	-73.75
49.75	-73.75
50.083333333333336	-73.75
50.25	-73.75
50.416666666666664	-73.75
45.083333333333336	-73.58333333333333
45.25	-73.58333333333333
45.416666666666664	-73.58333333333333
45.583333333333336	-73.58333333333333
45.75	-73.58333333333333
45.916666666666664	-73.58333333333333
46.083333333333336	-73.58333333333333
46.25	-73.58333333333333
46.416666666666664	-73.58333333333333
46.75	-73.58333333333333
46.916666666666664	-73.58333333333333
47.25	-73.58333333333333
47.75	-73.58333333333333
48.75	-73.58333333333333
49.083333333333336	-73.58333333333333
49.583333333333336	-73.58333333333333
49.75	-73.58333333333333
50.25	-73.58333333333333
53.75	-73.58333333333333
45.083333333333336	-73.41666666666667
45.25	-73.41666666666667
45.416666666666664	-73.41666666666667
45.583333333333336	-73.41666666666667
45.75	-73.41666666666667
45.916666666666664	-73.41666666666667
46.083333333333336	-73.41666666666667
46.25	-73.41666666666667
46.416666666666664	-73.41666666666667
46.583333333333336	-73.41666666666667
46.75	-73.41666666666667
47.083333333333336	-73.41666666666667
47.25	-73.41666666666667
48.916666666666664	-73.41666666666667
49.25	-73.41666666666667
49.416666666666664	-73.41666666666667
49.583333333333336	-73.41666666666667
49.75	-73.41666666666667
49.916666666666664	-73.41666666666667
50.416666666666664	-73.41666666666667
50.583333333333336	-73.41666666666667
50.916666666666664	-73.41666666666667
54.083333333333336	-73.41666666666667
45.083333333333336	-73.25
45.25	-73.25
45.416666666666664	-73.25
45.583333333333336	-73.25
45.75	-73.25
45.916666666666664	-73.25
46.083333333333336	-73.25
46.25	-73.25
46.416666666666664	-73.25
46.583333333333336	-73.25
46.75	-73.25
47.083333333333336	-73.25
47.25	-73.25
47.416666666666664	-73.25
47.75	-73.25
47.916666666666664	-73.25
48.916666666666664	-73.25
49.083333333333336	-73.25
49.416666666666664	-73.25
49.583333333333336	-73.25
49.75	-73.25
50.75	-73.25
45.083333333333336	-73.08333333333333
45.25	-73.08333333333333
45.416666666666664	-73.08333333333333
45.583333333333336	-73.08333333333333
45.75	-73.08333333333333
45.916666666666664	-73.08333333333333
46.083333333333336	-73.08333333333333
46.25	-73.08333333333333
46.416666666666664	-73.08333333333333
46.583333333333336	-73.08333333333333
46.75	-73.08333333333333
46.916666666666664	-73.08333333333333
47.083333333333336	-73.08333333333333
47.583333333333336	-73.08333333333333
47.916666666666664	-73.08333333333333
48.25	-73.08333333333333
48.416666666666664	-73.08333333333333
48.583333333333336	-73.08333333333333
48.75	-73.08333333333333
48.916666666666664	-73.08333333333333
49.083333333333336	-73.08333333333333
49.583333333333336	-73.08333333333333
49.75	-73.08333333333333
49.916666666666664	-73.08333333333333
50.083333333333336	-73.08333333333333
51.083333333333336	-73.08333333333333
52.25	-73.08333333333333
53.416666666666664	-73.08333333333333
53.75	-73.08333333333333
45.083333333333336	-72.91666666666667
45.25	-72.91666666666667
45.416666666666664	-72.91666666666667
45.583333333333336	-72.91666666666667
45.75	-72.91666666666667
45.916666666666664	-72.91666666666667
46.083333333333336	-72.91666666666667
46.25	-72.91666666666667
46.416666666666664	-72.91666666666667
46.583333333333336	-72.91666666666667
46.75	-72.91666666666667
46.916666666666664	-72.91666666666667
47.083333333333336	-72.91666666666667
47.25	-72.91666666666667
47.583333333333336	-72.91666666666667
47.75	-72.91666666666667
48.583333333333336	-72.91666666666667
48.916666666666664	-72.91666666666667
49.083333333333336	-72.91666666666667
49.416666666666664	-72.91666666666667
49.916666666666664	-72.91666666666667
50.75	-72.91666666666667
50.916666666666664	-72.91666666666667
53.75	-72.91666666666667
45.083333333333336	-72.75
45.25	-72.75
45.416666666666664	-72.75
45.583333333333336	-72.75
45.75	-72.75
45.916666666666664	-72.75
46.083333333333336	-72.75
46.25	-72.75
46.416666666666664	-72.75
46.583333333333336	-72.75
46.75	-72.75
46.916666666666664	-72.75
47.083333333333336	-72.75
47.25	-72.75
47.416666666666664	-72.75
47.583333333333336	-72.75
47.75	-72.75
48.25	-72.75
48.416666666666664	-72.75
48.75	-72.75
48.916666666666664	-72.75
49.083333333333336	-72.75
49.416666666666664	-72.75
49.583333333333336	-72.75
49.75	-72.75
49.916666666666664	-72.75
50.416666666666664	-72.75
50.916666666666664	-72.75
53.75	-72.75
45.083333333333336	-72.58333333333333
45.25	-72.58333333333333
45.416666666666664	-72.58333333333333
45.583333333333336	-72.58333333333333
45.75	-72.58333333333333
45.916666666666664	-72.58333333333333
46.083333333333336	-72.58333333333333
46.25	-72.58333333333333
46.416666666666664	-72.58333333333333
46.583333333333336	-72.58333333333333
46.75	-72.58333333333333
46.916666666666664	-72.58333333333333
47.083333333333336	-72.58333333333333
47.416666666666664	-72.58333333333333
47.583333333333336	-72.58333333333333
47.75	-72.58333333333333
47.916666666666664	-72.58333333333333
48.083333333333336	-72.58333333333333
48.25	-72.58333333333333
48.583333333333336	-72.58333333333333
48.75	-72.58333333333333
48.916666666666664	-72.58333333333333
49.083333333333336	-72.58333333333333
49.75	-72.58333333333333
49.916666666666664	-72.58333333333333
50.083333333333336	-72.58333333333333
50.583333333333336	-72.58333333333333
50.75	-72.58333333333333
51.25	-72.58333333333333
54.25	-72.58333333333333
45.083333333333336	-72.41666666666667
45.25	-72.41666666666667
45.416666666666664	-72.41666666666667
45.583333333333336	-72.41666666666667
45.75	-72.41666666666667
45.916666666666664	-72.41666666666667
46.083333333333336	-72.41666666666667
46.25	-72.41666666666667
46.416666666666664	-72.41666666666667
46.583333333333336	-72.41666666666667
46.75	-72.41666666666667
46.916666666666664	-72.41666666666667
47.083333333333336	-72.41666666666667
47.25	-72.41666666666667
47.583333333333336	-72.41666666666667
47.75	-72.41666666666667
47.916666666666664	-72.41666666666667
48.25	-72.41666666666667
48.416666666666664	-72.41666666666667
48.583333333333336	-72.41666666666667
48.75	-72.41666666666667
48.916666666666664	-72.41666666666667
49.083333333333336	-72.41666666666667
49.25	-72.41666666666667
50.75	-72.41666666666667
50.916666666666664	-72.41666666666667
51.083333333333336	-72.41666666666667
45.083333333333336	-72.25
45.25	-72.25
45.416666666666664	-72.25
45.583333333333336	-72.25
45.75	-72.25
45.916666666666664	-72.25
46.083333333333336	-72.25
46.25	-72.25
46.416666666666664	-72.25
46.583333333333336	-72.25
46.75	-72.25
46.916666666666664	-72.25
47.083333333333336	-72.25
47.25	-72.25
47.416666666666664	-72.25
47.583333333333336	-72.25
47.75	-72.25
47.916666666666664	-72.25
48.083333333333336	-72.25
48.25	-72.25
48.416666666666664	-72.25
48.583333333333336	-72.25
48.75	-72.25
48.916666666666664	-72.25
49.083333333333336	-72.25
49.25	-72.25
49.416666666666664	-72.25
49.583333333333336	-72.25
50.416666666666664	-72.25
50.583333333333336	-72.25
51.75	-72.25
52.416666666666664	-72.25
52.583333333333336	-72.25
52.75	-72.25
45.083333333333336	-72.08333333333333
45.25	-72.08333333333333
45.416666666666664	-72.08333333333333
45.583333333333336	-72.08333333333333
45.75	-72.08333333333333
45.916666666666664	-72.08333333333333
46.083333333333336	-72.08333333333333
46.25	-72.08333333333333
46.416666666666664	-72.08333333333333
46.583333333333336	-72.08333333333333
46.75	-72.08333333333333
46.916666666666664	-72.08333333333333
47.083333333333336	-72.08333333333333
47.25	-72.08333333333333
47.416666666666664	-72.08333333333333
47.583333333333336	-72.08333333333333
47.916666666666664	-72.08333333333333
48.25	-72.08333333333333
48.416666666666664	-72.08333333333333
48.75	-72.08333333333333
48.916666666666664	-72.08333333333333
49.083333333333336	-72.08333333333333
49.25	-72.08333333333333
49.583333333333336	-72.08333333333333
49.75	-72.08333333333333
49.916666666666664	-72.08333333333333
50.25	-72.08333333333333
50.416666666666664	-72.08333333333333
50.75	-72.08333333333333
50.916666666666664	-72.08333333333333
52.416666666666664	-72.08333333333333
52.583333333333336	-72.08333333333333
45.083333333333336	-71.91666666666667
45.25	-71.91666666666667
45.416666666666664	-71.91666666666667
45.583333333333336	-71.91666666666667
45.75	-71.91666666666667
45.916666666666664	-71.91666666666667
46.083333333333336	-71.91666666666667
46.25	-71.91666666666667
46.416666666666664	-71.91666666666667
46.583333333333336	-71.91666666666667
46.75	-71.91666666666667
46.916666666666664	-71.91666666666667
47.083333333333336	-71.91666666666667
47.25	-71.91666666666667
47.416666666666664	-71.91666666666667
47.583333333333336	-71.91666666666667
47.75	-71.91666666666667
47.916666666666664	-71.91666666666667
48.25	-71.91666666666667
48.416666666666664	-71.91666666666667
48.583333333333336	-71.91666666666667
48.75	-71.91666666666667
48.916666666666664	-71.91666666666667
49.416666666666664	-71.91666666666667
49.583333333333336	-71.91666666666667
49.75	-71.91666666666667
49.916666666666664	-71.91666666666667
50.083333333333336	-71.91666666666667
50.25	-71.91666666666667
50.583333333333336	-71.91666666666667
51.25	-71.91666666666667
45.083333333333336	-71.75
45.25	-71.75
45.416666666666664	-71.75
45.583333333333336	-71.75
45.75	-71.75
45.916666666666664	-71.75
46.083333333333336	-71.75
46.25	-71.75
46.416666666666664	-71.75
46.583333333333336	-71.75
46.75	-71.75
46.916666666666664	-71.75
47.083333333333336	-71.75
47.25	-71.75
47.416666666666664	-71.75
47.583333333333336	-71.75
47.916666666666664	-71.75
48.083333333333336	-71.75
48.25	-71.75
48.416666666666664	-71.75
48.583333333333336	-71.75
48.75	-71.75
48.916666666666664	-71.75
49.083333333333336	-71.75
49.25	-71.75
49.583333333333336	-71.75
49.75	-71.75
49.916666666666664	-71.75
50.416666666666664	-71.75
50.583333333333336	-71.75
51.25	-71.75
45.083333333333336	-71.58333333333333
45.25	-71.58333333333333
45.416666666666664	-71.58333333333333
45.583333333333336	-71.58333333333333
45.75	-71.58333333333333
45.916666666666664	-71.58333333333333
46.083333333333336	-71.58333333333333
46.25	-71.58333333333333
46.416666666666664	-71.58333333333333
46.583333333333336	-71.58333333333333
46.75	-71.58333333333333
46.916666666666664	-71.58333333333333
47.083333333333336	-71.58333333333333
47.416666666666664	-71.58333333333333
47.583333333333336	-71.58333333333333
47.75	-71.58333333333333
47.916666666666664	-71.58333333333333
48.083333333333336	-71.58333333333333
48.25	-71.58333333333333
48.416666666666664	-71.58333333333333
48.583333333333336	-71.58333333333333
48.75	-71.58333333333333
48.916666666666664	-71.58333333333333
49.083333333333336	-71.58333333333333
49.583333333333336	-71.58333333333333
49.75	-71.58333333333333
50.083333333333336	-71.58333333333333
50.25	-71.58333333333333
50.75	-71.58333333333333
50.916666666666664	-71.58333333333333
51.083333333333336	-71.58333333333333
54.083333333333336	-71.58333333333333
54.25	-71.58333333333333
45.083333333333336	-71.41666666666667
45.25	-71.41666666666667
45.416666666666664	-71.41666666666667
45.583333333333336	-71.41666666666667
45.75	-71.41666666666667
45.916666666666664	-71.41666666666667
46.083333333333336	-71.41666666666667
46.25	-71.41666666666667
46.416666666666664	-71.41666666666667
46.583333333333336	-71.41666666666667
46.75	-71.41666666666667
46.916666666666664	-71.41666666666667
47.083333333333336	-71.41666666666667
47.25	-71.41666666666667
47.416666666666664	-71.41666666666667
47.583333333333336	-71.41666666666667
47.75	-71.41666666666667
47.916666666666664	-71.41666666666667
48.083333333333336	-71.41666666666667
48.25	-71.41666666666667
48.416666666666664	-71.41666666666667
48.583333333333336	-71.41666666666667
48.75	-71.41666666666667
48.916666666666664	-71.41666666666667
49.083333333333336	-71.41666666666667
49.25	-71.41666666666667
49.416666666666664	-71.41666666666667
49.583333333333336	-71.41666666666667
49.75	-71.41666666666667
49.916666666666664	-71.41666666666667
50.083333333333336	-71.41666666666667
50.25	-71.41666666666667
50.416666666666664	-71.41666666666667
45.083333333333336	-71.25
45.25	-71.25
45.416666666666664	-71.25
45.583333333333336	-71.25
45.75	-71.25
45.916666666666664	-71.25
46.083333333333336	-71.25
46.25	-71.25
46.416666666666664	-71.25
46.583333333333336	-71.25
46.75	-71.25
46.916666666666664	-71.25
47.083333333333336	-71.25
47.25	-71.25
47.416666666666664	-71.25
47.583333333333336	-71.25
47.75	-71.25
47.916666666666664	-71.25
48.083333333333336	-71.25
48.25	-71.25
48.416666666666664	-71.25
48.583333333333336	-71.25
48.75	-71.25
48.916666666666664	-71.25
49.416666666666664	-71.25
49.583333333333336	-71.25
49.75	-71.25
49.916666666666664	-71.25
50.083333333333336	-71.25
50.416666666666664	-71.25
50.583333333333336	-71.25
54.416666666666664	-71.25
54.583333333333336	-71.25
56.583333333333336	-71.25
45.083333333333336	-71.08333333333333
45.25	-71.08333333333333
45.416666666666664	-71.08333333333333
45.583333333333336	-71.08333333333333
45.75	-71.08333333333333
45.916666666666664	-71.08333333333333
46.083333333333336	-71.08333333333333
46.25	-71.08333333333333
46.416666666666664	-71.08333333333333
46.583333333333336	-71.08333333333333
46.75	-71.08333333333333
46.916666666666664	-71.08333333333333
47.083333333333336	-71.08333333333333
47.25	-71.08333333333333
47.416666666666664	-71.08333333333333
47.583333333333336	-71.08333333333333
47.75	-71.08333333333333
47.916666666666664	-71.08333333333333
48.083333333333336	-71.08333333333333
48.25	-71.08333333333333
48.416666666666664	-71.08333333333333
48.583333333333336	-71.08333333333333
48.75	-71.08333333333333
48.916666666666664	-71.08333333333333
49.083333333333336	-71.08333333333333
49.25	-71.08333333333333
49.583333333333336	-71.08333333333333
49.75	-71.08333333333333
49.916666666666664	-71.08333333333333
50.083333333333336	-71.08333333333333
50.25	-71.08333333333333
50.416666666666664	-71.08333333333333
50.583333333333336	-71.08333333333333
56.583333333333336	-71.08333333333333
45.083333333333336	-70.91666666666667
45.25	-70.91666666666667
45.416666666666664	-70.91666666666667
45.583333333333336	-70.91666666666667
45.75	-70.91666666666667
45.916666666666664	-70.91666666666667
46.083333333333336	-70.91666666666667
46.25	-70.91666666666667
46.416666666666664	-70.91666666666667
46.583333333333336	-70.91666666666667
46.75	-70.91666666666667
46.916666666666664	-70.91666666666667
47.083333333333336	-70.91666666666667
47.25	-70.91666666666667
47.416666666666664	-70.91666666666667
47.583333333333336	-70.91666666666667
47.75	-70.91666666666667
48.083333333333336	-70.91666666666667
48.25	-70.91666666666667
48.416666666666664	-70.91666666666667
48.583333333333336	-70.91666666666667
48.75	-70.91666666666667
48.916666666666664	-70.91666666666667
49.25	-70.91666666666667
49.416666666666664	-70.91666666666667
49.583333333333336	-70.91666666666667
49.75	-70.91666666666667
49.916666666666664	-70.91666666666667
50.25	-70.91666666666667
50.416666666666664	-70.91666666666667
54.583333333333336	-70.91666666666667
45.083333333333336	-70.75
45.25	-70.75
45.416666666666664	-70.75
45.583333333333336	-70.75
45.75	-70.75
45.916666666666664	-70.75
46.083333333333336	-70.75
46.25	-70.75
46.416666666666664	-70.75
46.583333333333336	-70.75
46.75	-70.75
46.916666666666664	-70.75
47.083333333333336	-70.75
47.25	-70.75
47.416666666666664	-70.75
47.583333333333336	-70.75
47.75	-70.75
47.916666666666664	-70.75
48.083333333333336	-70.75
48.25	-70.75
48.416666666666664	-70.75
48.583333333333336	-70.75
48.75	-70.75
48.916666666666664	-70.75
49.083333333333336	-70.75
49.25	-70.75
49.416666666666664	-70.75
49.583333333333336	-70.75
49.75	-70.75
49.916666666666664	-70.75
50.25	-70.75
50.416666666666664	-70.75
54.583333333333336	-70.75
45.083333333333336	-70.58333333333333
45.25	-70.58333333333333
45.416666666666664	-70.58333333333333
45.583333333333336	-70.58333333333333
45.75	-70.58333333333333
45.916666666666664	-70.58333333333333
46.083333333333336	-70.58333333333333
46.25	-70.58333333333333
46.416666666666664	-70.58333333333333
46.583333333333336	-70.58333333333333
46.75	-70.58333333333333
46.916666666666664	-70.58333333333333
47.083333333333336	-70.58333333333333
47.25	-70.58333333333333
47.416666666666664	-70.58333333333333
47.583333333333336	-70.58333333333333
47.75	-70.58333333333333
47.916666666666664	-70.58333333333333
48.083333333333336	-70.58333333333333
48.25	-70.58333333333333
48.416666666666664	-70.58333333333333
48.583333333333336	-70.58333333333333
48.75	-70.58333333333333
48.916666666666664	-70.58333333333333
49.083333333333336	-70.58333333333333
49.25	-70.58333333333333
49.75	-70.58333333333333
49.916666666666664	-70.58333333333333
50.083333333333336	-70.58333333333333
50.25	-70.58333333333333
50.416666666666664	-70.58333333333333
54.416666666666664	-70.58333333333333
45.083333333333336	-70.41666666666667
45.25	-70.41666666666667
45.416666666666664	-70.41666666666667
45.583333333333336	-70.41666666666667
45.75	-70.41666666666667
45.916666666666664	-70.41666666666667
46.083333333333336	-70.41666666666667
46.25	-70.41666666666667
46.416666666666664	-70.41666666666667
46.583333333333336	-70.41666666666667
46.75	-70.41666666666667
46.916666666666664	-70.41666666666667
47.083333333333336	-70.41666666666667
47.416666666666664	-70.41666666666667
47.583333333333336	-70.41666666666667
47.75	-70.41666666666667
47.916666666666664	-70.41666666666667
48.083333333333336	-70.41666666666667
48.25	-70.41666666666667
48.416666666666664	-70.41666666666667
48.583333333333336	-70.41666666666667
48.75	-70.41666666666667
48.916666666666664	-70.41666666666667
49.083333333333336	-70.41666666666667
50.083333333333336	-70.41666666666667
50.416666666666664	-70.41666666666667
54.416666666666664	-70.41666666666667
45.083333333333336	-70.25
45.25	-70.25
45.416666666666664	-70.25
45.583333333333336	-70.25
45.75	-70.25
45.916666666666664	-70.25
46.083333333333336	-70.25
46.25	-70.25
46.416666666666664	-70.25
46.583333333333336	-70.25
46.75	-70.25
46.916666666666664	-70.25
47.083333333333336	-70.25
47.25	-70.25
47.416666666666664	-70.25
47.583333333333336	-70.25
47.75	-70.25
47.916666666666664	-70.25
48.083333333333336	-70.25
48.25	-70.25
48.416666666666664	-70.25
48.583333333333336	-70.25
48.75	-70.25
49.083333333333336	-70.25
49.25	-70.25
49.416666666666664	-70.25
49.75	-70.25
50.083333333333336	-70.25
50.416666666666664	-70.25
50.583333333333336	-70.25
54.583333333333336	-70.25
54.75	-70.25
59.25	-70.25
45.083333333333336	-70.08333333333333
45.25	-70.08333333333333
45.416666666666664	-70.08333333333333
45.583333333333336	-70.08333333333333
45.75	-70.08333333333333
45.916666666666664	-70.08333333333333
46.083333333333336	-70.08333333333333
46.25	-70.08333333333333
46.416666666666664	-70.08333333333333
46.583333333333336	-70.08333333333333
46.75	-70.08333333333333
46.916666666666664	-70.08333333333333
47.083333333333336	-70.08333333333333
47.25	-70.08333333333333
47.416666666666664	-70.08333333333333
47.583333333333336	-70.08333333333333
47.75	-70.08333333333333
47.916666666666664	-70.08333333333333
48.083333333333336	-70.08333333333333
48.25	-70.08333333333333
48.416666666666664	-70.08333333333333
48.583333333333336	-70.08333333333333
49.083333333333336	-70.08333333333333
49.416666666666664	-70.08333333333333
50.083333333333336	-70.08333333333333
50.416666666666664	-70.08333333333333
51.75	-70.08333333333333
54.75	-70.08333333333333
59.25	-70.08333333333333
45.083333333333336	-69.91666666666667
45.25	-69.91666666666667
45.416666666666664	-69.91666666666667
45.583333333333336	-69.91666666666667
45.75	-69.91666666666667
45.916666666666664	-69.91666666666667
46.083333333333336	-69.91666666666667
46.25	-69.91666666666667
46.416666666666664	-69.91666666666667
46.583333333333336	-69.91666666666667
46.916666666666664	-69.91666666666667
47.083333333333336	-69.91666666666667
47.25	-69.91666666666667
47.416666666666664	-69.91666666666667
47.583333333333336	-69.91666666666667
47.75	-69.91666666666667
47.916666666666664	-69.91666666666667
48.083333333333336	-69.91666666666667
48.25	-69.91666666666667
48.583333333333336	-69.91666666666667
49.083333333333336	-69.91666666666667
49.75	-69.91666666666667
54.75	-69.91666666666667
54.916666666666664	-69.91666666666667
45.083333333333336	-69.75
45.25	-69.75
45.416666666666664	-69.75
45.583333333333336	-69.75
45.75	-69.75
45.916666666666664	-69.75
46.083333333333336	-69.75
46.25	-69.75
46.416666666666664	-69.75
46.583333333333336	-69.75
46.75	-69.75
46.916666666666664	-69.75
47.083333333333336	-69.75
47.25	-69.75
47.416666666666664	-69.75
47.583333333333336	-69.75
47.75	-69.75
47.916666666666664	-69.75
48.083333333333336	-69.75
48.25	-69.75
48.416666666666664	-69.75
48.583333333333336	-69.75
48.916666666666664	-69.75
49.083333333333336	-69.75
49.25	-69.75
49.75	-69.75
49.916666666666664	-69.75
50.25	-69.75
58.583333333333336	-69.75
45.083333333333336	-69.58333333333333
45.25	-69.58333333333333
45.416666666666664	-69.58333333333333
45.583333333333336	-69.58333333333333
45.75	-69.58333333333333
45.916666666666664	-69.58333333333333
46.25	-69.58333333333333
46.416666666666664	-69.58333333333333
46.583333333333336	-69.58333333333333
46.75	-69.58333333333333
46.916666666666664	-69.58333333333333
47.083333333333336	-69.58333333333333
47.25	-69.58333333333333
47.416666666666664	-69.58333333333333
47.583333333333336	-69.58333333333333
47.75	-69.58333333333333
47.916666666666664	-69.58333333333333
48.083333333333336	-69.58333333333333
48.25	-69.58333333333333
48.416666666666664	-69.58333333333333
48.583333333333336	-69.58333333333333
48.75	-69.58333333333333
48.916666666666664	-69.58333333333333
49.416666666666664	-69.58333333333333
58.416666666666664	-69.58333333333333
45.083333333333336	-69.41666666666667
45.25	-69.41666666666667
45.416666666666664	-69.41666666666667
45.583333333333336	-69.41666666666667
45.75	-69.41666666666667
45.916666666666664	-69.41666666666667
46.083333333333336	-69.41666666666667
46.25	-69.41666666666667
46.416666666666664	-69.41666666666667
46.583333333333336	-69.41666666666667
46.75	-69.41666666666667
46.916666666666664	-69.41666666666667
47.25	-69.41666666666667
47.416666666666664	-69.41666666666667
47.583333333333336	-69.41666666666667
47.75	-69.41666666666667
47.916666666666664	-69.41666666666667
48.083333333333336	-69.41666666666667
48.25	-69.41666666666667
48.416666666666664	-69.41666666666667
48.75	-69.41666666666667
49.583333333333336	-69.41666666666667
49.75	-69.41666666666667
49.916666666666664	-69.41666666666667
50.083333333333336	-69.41666666666667
50.416666666666664	-69.41666666666667
50.583333333333336	-69.41666666666667
50.75	-69.41666666666667
45.083333333333336	-69.25
45.25	-69.25
45.416666666666664	-69.25
45.583333333333336	-69.25
45.75	-69.25
45.916666666666664	-69.25
46.083333333333336	-69.25
46.25	-69.25
46.416666666666664	-69.25
46.583333333333336	-69.25
46.75	-69.25
46.916666666666664	-69.25
47.083333333333336	-69.25
47.25	-69.25
47.416666666666664	-69.25
47.583333333333336	-69.25
47.75	-69.25
47.916666666666664	-69.25
48.083333333333336	-69.25
48.416666666666664	-69.25
48.583333333333336	-69.25
48.75	-69.25
48.916666666666664	-69.25
49.083333333333336	-69.25
49.25	-69.25
50.083333333333336	-69.25
45.083333333333336	-69.08333333333333
45.25	-69.08333333333333
45.416666666666664	-69.08333333333333
45.583333333333336	-69.08333333333333
45.75	-69.08333333333333
45.916666666666664	-69.08333333333333
46.083333333333336	-69.08333333333333
46.25	-69.08333333333333
46.416666666666664	-69.08333333333333
46.583333333333336	-69.08333333333333
46.916666666666664	-69.08333333333333
47.083333333333336	-69.08333333333333
47.25	-69.08333333333333
47.416666666666664	-69.08333333333333
47.583333333333336	-69.08333333333333
47.75	-69.08333333333333
47.916666666666664	-69.08333333333333
48.083333333333336	-69.08333333333333
48.25	-69.08333333333333
48.583333333333336	-69.08333333333333
48.75	-69.08333333333333
48.916666666666664	-69.08333333333333
49.25	-69.08333333333333
49.583333333333336	-69.08333333333333
45.083333333333336	-68.91666666666667
45.25	-68.91666666666667
45.416666666666664	-68.91666666666667
45.583333333333336	-68.91666666666667
45.75	-68.91666666666667
45.916666666666664	-68.91666666666667
46.083333333333336	-68.91666666666667
46.25	-68.91666666666667
46.416666666666664	-68.91666666666667
46.583333333333336	-68.91666666666667
46.75	-68.91666666666667
46.916666666666664	-68.91666666666667
47.083333333333336	-68.91666666666667
47.25	-68.91666666666667
47.416666666666664	-68.91666666666667
47.583333333333336	-68.91666666666667
47.75	-68.91666666666667
47.916666666666664	-68.91666666666667
48.083333333333336	-68.91666666666667
48.25	-68.91666666666667
48.416666666666664	-68.91666666666667
48.75	-68.91666666666667
48.916666666666664	-68.91666666666667
49.083333333333336	-68.91666666666667
49.25	-68.91666666666667
49.75	-68.91666666666667
50.25	-68.91666666666667
50.583333333333336	-68.91666666666667
50.75	-68.91666666666667
45.083333333333336	-68.75
45.25	-68.75
45.416666666666664	-68.75
45.583333333333336	-68.75
45.75	-68.75
45.916666666666664	-68.75
46.083333333333336	-68.75
46.25	-68.75
46.416666666666664	-68.75
46.583333333333336	-68.75
46.75	-68.75
46.916666666666664	-68.75
47.083333333333336	-68.75
47.25	-68.75
47.416666666666664	-68.75
47.583333333333336	-68.75
47.75	-68.75
47.916666666666664	-68.75
48.083333333333336	-68.75
48.25	-68.75
48.416666666666664	-68.75
48.916666666666664	-68.75
49.25	-68.75
49.416666666666664	-68.75
49.75	-68.75
50.083333333333336	-68.75
50.25	-68.75
50.416666666666664	-68.75
50.583333333333336	-68.75
50.75	-68.75
51.25	-68.75
58.083333333333336	-68.75
45.083333333333336	-68.58333333333333
45.25	-68.58333333333333
45.416666666666664	-68.58333333333333
45.583333333333336	-68.58333333333333
45.75	-68.58333333333333
45.916666666666664	-68.58333333333333
46.083333333333336	-68.58333333333333
46.25	-68.58333333333333
46.416666666666664	-68.58333333333333
46.583333333333336	-68.58333333333333
46.75	-68.58333333333333
46.916666666666664	-68.58333333333333
47.083333333333336	-68.58333333333333
47.25	-68.58333333333333
47.416666666666664	-68.58333333333333
47.583333333333336	-68.58333333333333
47.75	-68.58333333333333
47.916666666666664	-68.58333333333333
48.083333333333336	-68.58333333333333
48.25	-68.58333333333333
48.416666666666664	-68.58333333333333
48.916666666666664	-68.58333333333333
49.083333333333336	-68.58333333333333
49.25	-68.58333333333333
49.416666666666664	-68.58333333333333
49.583333333333336	-68.58333333333333
49.75	-68.58333333333333
50.75	-68.58333333333333
58.083333333333336	-68.58333333333333
45.083333333333336	-68.41666666666667
45.25	-68.41666666666667
45.416666666666664	-68.41666666666667
45.583333333333336	-68.41666666666667
45.75	-68.41666666666667
45.916666666666664	-68.41666666666667
46.083333333333336	-68.41666666666667
46.25	-68.41666666666667
46.416666666666664	-68.41666666666667
46.583333333333336	-68.41666666666667
46.75	-68.41666666666667
46.916666666666664	-68.41666666666667
47.083333333333336	-68.41666666666667
47.25	-68.41666666666667
47.416666666666664	-68.41666666666667
47.583333333333336	-68.41666666666667
47.75	-68.41666666666667
47.916666666666664	-68.41666666666667
48.083333333333336	-68.41666666666667
48.25	-68.41666666666667
48.416666666666664	-68.41666666666667
48.583333333333336	-68.41666666666667
49.083333333333336	-68.41666666666667
49.25	-68.41666666666667
49.416666666666664	-68.41666666666667
50.083333333333336	-68.41666666666667
58.083333333333336	-68.41666666666667
58.25	-68.41666666666667
45.083333333333336	-68.25
45.25	-68.25
45.416666666666664	-68.25
45.583333333333336	-68.25
45.75	-68.25
45.916666666666664	-68.25
46.083333333333336	-68.25
46.25	-68.25
46.416666666666664	-68.25
46.583333333333336	-68.25
46.75	-68.25
46.916666666666664	-68.25
47.083333333333336	-68.25
47.25	-68.25
47.416666666666664	-68.25
47.583333333333336	-68.25
47.75	-68.25
47.916666666666664	-68.25
48.083333333333336	-68.25
48.25	-68.25
48.416666666666664	-68.25
48.583333333333336	-68.25
49.083333333333336	-68.25
49.25	-68.25
49.416666666666664	-68.25
49.75	-68.25
49.916666666666664	-68.25
51.25	-68.25
51.416666666666664	-68.25
51.583333333333336	-68.25
51.916666666666664	-68.25
55.916666666666664	-68.25
56.083333333333336	-68.25
58.083333333333336	-68.25
45.083333333333336	-68.08333333333333
45.25	-68.08333333333333
45.416666666666664	-68.08333333333333
45.583333333333336	-68.08333333333333
45.75	-68.08333333333333
46.083333333333336	-68.08333333333333
46.25	-68.08333333333333
46.416666666666664	-68.08333333333333
46.583333333333336	-68.08333333333333
46.75	-68.08333333333333
46.916666666666664	-68.08333333333333
47.083333333333336	-68.08333333333333
47.25	-68.08333333333333
47.416666666666664	-68.08333333333333
47.583333333333336	-68.08333333333333
47.75	-68.08333333333333
47.916666666666664	-68.08333333333333
48.083333333333336	-68.08333333333333
48.25	-68.08333333333333
48.416666666666664	-68.08333333333333
48.583333333333336	-68.08333333333333
48.75	-68.08333333333333
49.25	-68.08333333333333
49.416666666666664	-68.08333333333333
49.75	-68.08333333333333
49.916666666666664	-68.08333333333333
50.083333333333336	-68.08333333333333
50.25	-68.08333333333333
50.583333333333336	-68.08333333333333
51.25	-68.08333333333333
51.416666666666664	-68.08333333333333
51.583333333333336	-68.08333333333333
51.75	-68.08333333333333
51.916666666666664	-68.08333333333333
52.083333333333336	-68.08333333333333
45.083333333333336	-67.91666666666667
45.25	-67.91666666666667
45.416666666666664	-67.91666666666667
45.583333333333336	-67.91666666666667
45.75	-67.91666666666667
45.916666666666664	-67.91666666666667
46.083333333333336	-67.91666666666667
46.25	-67.91666666666667
46.416666666666664	-67.91666666666667
46.583333333333336	-67.91666666666667
46.75	-67.91666666666667
46.916666666666664	-67.91666666666667
47.083333333333336	-67.91666666666667
47.25	-67.91666666666667
47.416666666666664	-67.91666666666667
47.916666666666664	-67.91666666666667
48.25	-67.91666666666667
48.416666666666664	-67.91666666666667
48.583333333333336	-67.91666666666667
48.75	-67.91666666666667
49.25	-67.91666666666667
49.416666666666664	-67.91666666666667
49.583333333333336	-67.91666666666667
49.75	-67.91666666666667
52.25	-67.91666666666667
45.083333333333336	-67.75
45.25	-67.75
45.416666666666664	-67.75
45.583333333333336	-67.75
45.75	-67.75
45.916666666666664	-67.75
46.083333333333336	-67.75
46.25	-67.75
46.416666666666664	-67.75
46.583333333333336	-67.75
46.75	-67.75
46.916666666666664	-67.75
47.083333333333336	-67.75
47.25	-67.75
47.416666666666664	-67.75
47.583333333333336	-67.75
48.083333333333336	-67.75
48.25	-67.75
48.416666666666664	-67.75
48.583333333333336	-67.75
48.75	-67.75
49.25	-67.75
49.416666666666664	-67.75
49.916666666666664	-67.75
50.916666666666664	-67.75
51.083333333333336	-67.75
45.083333333333336	-67.58333333333333
45.25	-67.58333333333333
45.416666666666664	-67.58333333333333
45.75	-67.58333333333333
45.916666666666664	-67.58333333333333
46.083333333333336	-67.58333333333333
46.25	-67.58333333333333
46.416666666666664	-67.58333333333333
46.583333333333336	-67.58333333333333
46.75	-67.58333333333333
47.083333333333336	-67.58333333333333
47.25	-67.58333333333333
47.416666666666664	-67.58333333333333
47.583333333333336	-67.58333333333333
47.75	-67.58333333333333
47.916666666666664	-67.58333333333333
48.083333333333336	-67.58333333333333
48.25	-67.58333333333333
48.416666666666664	-67.58333333333333
48.583333333333336	-67.58333333333333
48.75	-67.58333333333333
48.916666666666664	-67.58333333333333
49.25	-67.58333333333333
49.416666666666664	-67.58333333333333
49.916666666666664	-67.58333333333333
51.583333333333336	-67.58333333333333
52.083333333333336	-67.58333333333333
54.75	-67.58333333333333
45.083333333333336	-67.41666666666667
45.25	-67.41666666666667
45.416666666666664	-67.41666666666667
45.583333333333336	-67.41666666666667
45.75	-67.41666666666667
45.916666666666664	-67.41666666666667
46.083333333333336	-67.41666666666667
46.25	-67.41666666666667
46.416666666666664	-67.41666666666667
46.916666666666664	-67.41666666666667
47.416666666666664	-67.41666666666667
47.583333333333336	-67.41666666666667
47.75	-67.41666666666667
47.916666666666664	-67.41666666666667
48.083333333333336	-67.41666666666667
48.25	-67.41666666666667
48.416666666666664	-67.41666666666667
48.583333333333336	-67.41666666666667
48.75	-67.41666666666667
48.916666666666664	-67.41666666666667
49.25	-67.41666666666667
49.416666666666664	-67.41666666666667
49.75	-67.41666666666667
49.916666666666664	-67.41666666666667
50.083333333333336	-67.41666666666667
50.25	-67.41666666666667
50.583333333333336	-67.41666666666667
50.75	-67.41666666666667
52.25	-67.41666666666667
52.583333333333336	-67.41666666666667
52.75	-67.41666666666667
55.083333333333336	-67.41666666666667
45.083333333333336	-67.25
45.25	-67.25
45.416666666666664	-67.25
45.583333333333336	-67.25
45.75	-67.25
45.916666666666664	-67.25
46.083333333333336	-67.25
46.416666666666664	-67.25
46.583333333333336	-67.25
46.916666666666664	-67.25
47.083333333333336	-67.25
47.25	-67.25
47.416666666666664	-67.25
47.75	-67.25
47.916666666666664	-67.25
48.083333333333336	-67.25
48.25	-67.25
48.416666666666664	-67.25
48.583333333333336	-67.25
48.75	-67.25
48.916666666666664	-67.25
49.416666666666664	-67.25
49.583333333333336	-67.25
49.75	-67.25
50.083333333333336	-67.25
52.75	-67.25
54.916666666666664	-67.25
55.083333333333336	-67.25
45.083333333333336	-67.08333333333333
45.25	-67.08333333333333
45.416666666666664	-67.08333333333333
45.583333333333336	-67.08333333333333
45.916666666666664	-67.08333333333333
46.083333333333336	-67.08333333333333
46.25	-67.08333333333333
46.583333333333336	-67.08333333333333
46.916666666666664	-67.08333333333333
47.083333333333336	-67.08333333333333
47.25	-67.08333333333333
47.583333333333336	-67.08333333333333
47.75	-67.08333333333333
47.916666666666664	-67.08333333333333
48.083333333333336	-67.08333333333333
48.25	-67.08333333333333
48.583333333333336	-67.08333333333333
48.75	-67.08333333333333
48.916666666666664	-67.08333333333333
49.75	-67.08333333333333
50.083333333333336	-67.08333333333333
52.75	-67.08333333333333
52.916666666666664	-67.08333333333333
54.916666666666664	-67.08333333333333
45.083333333333336	-66.91666666666667
45.25	-66.91666666666667
45.75	-66.91666666666667
45.916666666666664	-66.91666666666667
46.083333333333336	-66.91666666666667
46.583333333333336	-66.91666666666667
46.916666666666664	-66.91666666666667
47.083333333333336	-66.91666666666667
47.25	-66.91666666666667
47.416666666666664	-66.91666666666667
47.75	-66.91666666666667
47.916666666666664	-66.91666666666667
48.083333333333336	-66.91666666666667
48.25	-66.91666666666667
48.416666666666664	-66.91666666666667
48.583333333333336	-66.91666666666667
48.75	-66.91666666666667
48.916666666666664	-66.91666666666667
49.083333333333336	-66.91666666666667
49.916666666666664	-66.91666666666667
50.083333333333336	-66.91666666666667
50.75	-66.91666666666667
52.916666666666664	-66.91666666666667
54.75	-66.91666666666667
54.916666666666664	-66.91666666666667
45.083333333333336	-66.75
45.25	-66.75
45.416666666666664	-66.75
45.75	-66.75
45.916666666666664	-66.75
46.083333333333336	-66.75
46.25	-66.75
46.916666666666664	-66.75
47.083333333333336	-66.75
47.25	-66.75
47.416666666666664	-66.75
47.583333333333336	-66.75
47.75	-66.75
47.916666666666664	-66.75
48.083333333333336	-66.75
48.25	-66.75
48.416666666666664	-66.75
48.583333333333336	-66.75
48.75	-66.75
48.916666666666664	-66.75
49.083333333333336	-66.75
50.083333333333336	-66.75
50.25	-66.75
50.416666666666664	-66.75
50.583333333333336	-66.75
50.75	-66.75
52.916666666666664	-66.75
54.75	-66.75
54.916666666666664	-66.75
45.083333333333336	-66.58333333333333
45.25	-66.58333333333333
45.416666666666664	-66.58333333333333
45.583333333333336	-66.58333333333333
45.75	-66.58333333333333
45.916666666666664	-66.58333333333333
46.083333333333336	-66.58333333333333
46.25	-66.58333333333333
46.416666666666664	-66.58333333333333
46.75	-66.58333333333333
46.916666666666664	-66.58333333333333
47.083333333333336	-66.58333333333333
47.25	-66.58333333333333
47.416666666666664	-66.58333333333333
47.583333333333336	-66.58333333333333
47.75	-66.58333333333333
47.916666666666664	-66.58333333333333
48.083333333333336	-66.58333333333333
48.25	-66.58333333333333
48.75	-66.58333333333333
48.916666666666664	-66.58333333333333
49.083333333333336	-66.58333333333333
50.083333333333336	-66.58333333333333
50.25	-66.58333333333333
51.583333333333336	-66.58333333333333
53.083333333333336	-66.58333333333333
54.416666666666664	-66.58333333333333
45.083333333333336	-66.41666666666667
45.25	-66.41666666666667
45.416666666666664	-66.41666666666667
45.583333333333336	-66.41666666666667
45.75	-66.41666666666667
45.916666666666664	-66.41666666666667
46.083333333333336	-66.41666666666667
46.25	-66.41666666666667
46.416666666666664	-66.41666666666667
46.583333333333336	-66.41666666666667
47.083333333333336	-66.41666666666667
47.25	-66.41666666666667
47.416666666666664	-66.41666666666667
47.583333333333336	-66.41666666666667
47.75	-66.41666666666667
47.916666666666664	-66.41666666666667
48.083333333333336	-66.41666666666667
48.25	-66.41666666666667
48.583333333333336	-66.41666666666667
48.75	-66.41666666666667
48.916666666666664	-66.41666666666667
49.083333333333336	-66.41666666666667
49.25	-66.41666666666667
50.083333333333336	-66.41666666666667
50.25	-66.41666666666667
50.416666666666664	-66.41666666666667
45.083333333333336	-66.25
45.25	-66.25
45.416666666666664	-66.25
45.583333333333336	-66.25
45.75	-66.25
45.916666666666664	-66.25
46.083333333333336	-66.25
46.25	-66.25
46.416666666666664	-66.25
46.583333333333336	-66.25
47.083333333333336	-66.25
47.25	-66.25
47.583333333333336	-66.25
47.75	-66.25
47.916666666666664	-66.25
48.083333333333336	-66.25
48.25	-66.25
48.583333333333336	-66.25
48.75	-66.25
48.916666666666664	-66.25
49.083333333333336	-66.25
49.25	-66.25
50.25	-66.25
50.916666666666664	-66.25
52.75	-66.25
53.083333333333336	-66.25
45.25	-66.08333333333333
45.416666666666664	-66.08333333333333
45.583333333333336	-66.08333333333333
45.75	-66.08333333333333
45.916666666666664	-66.08333333333333
46.083333333333336	-66.08333333333333
46.25	-66.08333333333333
46.416666666666664	-66.08333333333333
46.583333333333336	-66.08333333333333
46.75	-66.08333333333333
47.083333333333336	-66.08333333333333
47.25	-66.08333333333333
47.583333333333336	-66.08333333333333
47.916666666666664	-66.08333333333333
48.083333333333336	-66.08333333333333
48.25	-66.08333333333333
48.583333333333336	-66.08333333333333
48.75	-66.08333333333333
48.916666666666664	-66.08333333333333
49.083333333333336	-66.08333333333333
49.25	-66.08333333333333
50.25	-66.08333333333333
53.25	-66.08333333333333
45.25	-65.91666666666667
45.416666666666664	-65.91666666666667
45.583333333333336	-65.91666666666667
45.75	-65.91666666666667
45.916666666666664	-65.91666666666667
46.083333333333336	-65.91666666666667
46.25	-65.91666666666667
46.583333333333336	-65.91666666666667
46.75	-65.91666666666667
46.916666666666664	-65.91666666666667
47.083333333333336	-65.91666666666667
47.25	-65.91666666666667
47.583333333333336	-65.91666666666667
47.916666666666664	-65.91666666666667
48.083333333333336	-65.91666666666667
48.25	-65.91666666666667
48.416666666666664	-65.91666666666667
48.75	-65.91666666666667
48.916666666666664	-65.91666666666667
49.083333333333336	-65.91666666666667
49.25	-65.91666666666667
50.25	-65.91666666666667
53.25	-65.91666666666667
54.75	-65.91666666666667
58.75	-65.91666666666667
45.25	-65.75
45.416666666666664	-65.75
45.583333333333336	-65.75
45.75	-65.75
45.916666666666664	-65.75
46.25	-65.75
46.75	-65.75
46.916666666666664	-65.75
47.083333333333336	-65.75
47.25	-65.75
47.416666666666664	-65.75
47.583333333333336	-65.75
47.75	-65.75
47.916666666666664	-65.75
48.083333333333336	-65.75
48.25	-65.75
48.416666666666664	-65.75
48.583333333333336	-65.75
48.75	-65.75
48.916666666666664	-65.75
49.083333333333336	-65.75
49.25	-65.75
50.25	-65.75
53.416666666666664	-65.75
45.25	-65.58333333333333
45.416666666666664	-65.58333333333333
45.583333333333336	-65.58333333333333
45.75	-65.58333333333333
46.583333333333336	-65.58333333333333
46.75	-65.58333333333333
46.916666666666664	-65.58333333333333
47.083333333333336	-65.58333333333333
47.25	-65.58333333333333
47.416666666666664	-65.58333333333333
47.583333333333336	-65.58333333333333
47.75	-65.58333333333333
48.083333333333336	-65.58333333333333
48.25	-65.58333333333333
48.416666666666664	-65.58333333333333
48.583333333333336	-65.58333333333333
48.75	-65.58333333333333
48.916666666666664	-65.58333333333333
49.083333333333336	-65.58333333333333
49.25	-65.58333333333333
50.25	-65.58333333333333
54.583333333333336	-65.58333333333333
45.416666666666664	-65.41666666666667
45.583333333333336	-65.41666666666667
45.75	-65.41666666666667
45.916666666666664	-65.41666666666667
46.083333333333336	-65.41666666666667
46.583333333333336	-65.41666666666667
46.75	-65.41666666666667
46.916666666666664	-65.41666666666667
47.083333333333336	-65.41666666666667
47.25	-65.41666666666667
47.416666666666664	-65.41666666666667
47.75	-65.41666666666667
48.083333333333336	-65.41666666666667
48.25	-65.41666666666667
48.916666666666664	-65.41666666666667
49.083333333333336	-65.41666666666667
49.25	-65.41666666666667
50.25	-65.41666666666667
50.583333333333336	-65.41666666666667
50.916666666666664	-65.41666666666667
53.416666666666664	-65.41666666666667
45.416666666666664	-65.25
45.583333333333336	-65.25
45.75	-65.25
45.916666666666664	-65.25
46.083333333333336	-65.25
46.416666666666664	-65.25
46.583333333333336	-65.25
46.75	-65.25
46.916666666666664	-65.25
47.083333333333336	-65.25
47.25	-65.25
47.583333333333336	-65.25
47.75	-65.25
48.083333333333336	-65.25
48.416666666666664	-65.25
48.583333333333336	-65.25
48.916666666666664	-65.25
49.083333333333336	-65.25
49.25	-65.25
50.25	-65.25
57.416666666666664	-65.25
59.416666666666664	-65.25
45.083333333333336	-65.08333333333333
45.583333333333336	-65.08333333333333
45.75	-65.08333333333333
45.916666666666664	-65.08333333333333
46.083333333333336	-65.08333333333333
46.25	-65.08333333333333
46.583333333333336	-65.08333333333333
46.75	-65.08333333333333
46.916666666666664	-65.08333333333333
47.083333333333336	-65.08333333333333
47.25	-65.08333333333333
47.416666666666664	-65.08333333333333
47.583333333333336	-65.08333333333333
47.75	-65.08333333333333
48.083333333333336	-65.08333333333333
48.583333333333336	-65.08333333333333
48.75	-65.08333333333333
48.916666666666664	-65.08333333333333
49.083333333333336	-65.08333333333333
49.25	-65.08333333333333
50.25	-65.08333333333333
54.75	-65.08333333333333
45.083333333333336	-64.91666666666667
45.25	-64.91666666666667
45.416666666666664	-64.91666666666667
45.583333333333336	-64.91666666666667
45.75	-64.91666666666667
45.916666666666664	-64.91666666666667
46.083333333333336	-64.91666666666667
46.25	-64.91666666666667
46.583333333333336	-64.91666666666667
46.75	-64.91666666666667
46.916666666666664	-64.91666666666667
47.083333333333336	-64.91666666666667
47.25	-64.91666666666667
47.416666666666664	-64.91666666666667
47.583333333333336	-64.91666666666667
47.75	-64.91666666666667
48.083333333333336	-64.91666666666667
48.25	-64.91666666666667
48.416666666666664	-64.91666666666667
48.583333333333336	-64.91666666666667
48.75	-64.91666666666667
48.916666666666664	-64.91666666666667
49.083333333333336	-64.91666666666667
49.25	-64.91666666666667
50.25	-64.91666666666667
53.75	-64.91666666666667
45.083333333333336	-64.75
45.25	-64.75
45.416666666666664	-64.75
45.583333333333336	-64.75
45.75	-64.75
45.916666666666664	-64.75
46.083333333333336	-64.75
46.25	-64.75
46.416666666666664	-64.75
46.583333333333336	-64.75
46.75	-64.75
46.916666666666664	-64.75
47.083333333333336	-64.75
47.583333333333336	-64.75
47.75	-64.75
48.25	-64.75
48.416666666666664	-64.75
48.583333333333336	-64.75
48.75	-64.75
48.916666666666664	-64.75
49.083333333333336	-64.75
49.25	-64.75
50.25	-64.75
53.416666666666664	-64.75
53.583333333333336	-64.75
53.75	-64.75
56.416666666666664	-64.75
45.083333333333336	-64.58333333333333
45.25	-64.58333333333333
45.416666666666664	-64.58333333333333
45.583333333333336	-64.58333333333333
45.75	-64.58333333333333
45.916666666666664	-64.58333333333333
46.083333333333336	-64.58333333333333
46.25	-64.58333333333333
46.416666666666664	-64.58333333333333
47.75	-64.58333333333333
47.916666666666664	-64.58333333333333
48.083333333333336	-64.58333333333333
48.416666666666664	-64.58333333333333
48.75	-64.58333333333333
48.916666666666664	-64.58333333333333
49.083333333333336	-64.58333333333333
49.916666666666664	-64.58333333333333
50.25	-64.58333333333333
53.583333333333336	-64.58333333333333
45.083333333333336	-64.41666666666667
45.25	-64.41666666666667
45.416666666666664	-64.41666666666667
45.583333333333336	-64.41666666666667
45.75	-64.41666666666667
45.916666666666664	-64.41666666666667
46.083333333333336	-64.41666666666667
46.25	-64.41666666666667
46.583333333333336	-64.41666666666667
47.916666666666664	-64.41666666666667
48.083333333333336	-64.41666666666667
48.416666666666664	-64.41666666666667
48.583333333333336	-64.41666666666667
48.75	-64.41666666666667
48.916666666666664	-64.41666666666667
49.083333333333336	-64.41666666666667
49.75	-64.41666666666667
49.916666666666664	-64.41666666666667
50.25	-64.41666666666667
50.416666666666664	-64.41666666666667
45.083333333333336	-64.25
45.25	-64.25
45.416666666666664	-64.25
45.583333333333336	-64.25
45.75	-64.25
45.916666666666664	-64.25
46.083333333333336	-64.25
46.25	-64.25
46.583333333333336	-64.25
46.75	-64.25
46.916666666666664	-64.25
48.416666666666664	-64.25
48.583333333333336	-64.25
48.75	-64.25
48.916666666666664	-64.25
49.75	-64.25
49.916666666666664	-64.25
50.25	-64.25
50.416666666666664	-64.25
51.083333333333336	-64.25
55.916666666666664	-64.25
56.25	-64.25
45.083333333333336	-64.08333333333333
45.25	-64.08333333333333
45.416666666666664	-64.08333333333333
45.583333333333336	-64.08333333333333
45.75	-64.08333333333333
45.916666666666664	-64.08333333333333
46.083333333333336	-64.08333333333333
46.25	-64.08333333333333
46.416666666666664	-64.08333333333333
46.583333333333336	-64.08333333333333
46.75	-64.08333333333333
46.916666666666664	-64.08333333333333
47.083333333333336	-64.08333333333333
48.416666666666664	-64.08333333333333
48.583333333333336	-64.08333333333333
48.75	-64.08333333333333
49.75	-64.08333333333333
49.916666666666664	-64.08333333333333
50.25	-64.08333333333333
53.583333333333336	-64.08333333333333
45.083333333333336	-63.916666666666664
45.25	-63.916666666666664
45.416666666666664	-63.916666666666664
45.75	-63.916666666666664
45.916666666666664	-63.916666666666664
46.083333333333336	-63.916666666666664
46.25	-63.916666666666664
46.416666666666664	-63.916666666666664
46.583333333333336	-63.916666666666664
46.75	-63.916666666666664
46.916666666666664	-63.916666666666664
47.083333333333336	-63.916666666666664
49.75	-63.916666666666664
49.916666666666664	-63.916666666666664
50.25	-63.916666666666664
59.083333333333336	-63.916666666666664
45.083333333333336	-63.75
45.25	-63.75
45.416666666666664	-63.75
45.583333333333336	-63.75
45.75	-63.75
45.916666666666664	-63.75
46.083333333333336	-63.75
46.25	-63.75
46.416666666666664	-63.75
46.583333333333336	-63.75
49.583333333333336	-63.75
50.25	-63.75
53.583333333333336	-63.75
45.083333333333336	-63.583333333333336
45.25	-63.583333333333336
45.416666666666664	-63.583333333333336
45.583333333333336	-63.583333333333336
45.75	-63.583333333333336
45.916666666666664	-63.583333333333336
46.25	-63.583333333333336
46.416666666666664	-63.583333333333336
46.583333333333336	-63.583333333333336
49.416666666666664	-63.583333333333336
49.75	-63.583333333333336
49.916666666666664	-63.583333333333336
50.25	-63.583333333333336
50.416666666666664	-63.583333333333336
50.75	-63.583333333333336
50.916666666666664	-63.583333333333336
51.083333333333336	-63.583333333333336
51.25	-63.583333333333336
45.083333333333336	-63.416666666666664
45.25	-63.416666666666664
45.416666666666664	-63.416666666666664
45.583333333333336	-63.416666666666664
45.75	-63.416666666666664
45.916666666666664	-63.416666666666664
46.083333333333336	-63.416666666666664
46.25	-63.416666666666664
46.416666666666664	-63.416666666666664
46.583333333333336	-63.416666666666664
49.416666666666664	-63.416666666666664
49.583333333333336	-63.416666666666664
49.75	-63.416666666666664
50.25	-63.416666666666664
50.75	-63.416666666666664
50.916666666666664	-63.416666666666664
51.083333333333336	-63.416666666666664
53.75	-63.416666666666664
45.083333333333336	-63.25
45.25	-63.25
45.416666666666664	-63.25
45.583333333333336	-63.25
45.75	-63.25
46.083333333333336	-63.25
46.25	-63.25
46.416666666666664	-63.25
49.25	-63.25
49.416666666666664	-63.25
49.583333333333336	-63.25
49.75	-63.25
50.25	-63.25
50.416666666666664	-63.25
50.583333333333336	-63.25
53.416666666666664	-63.25
45.083333333333336	-63.083333333333336
45.25	-63.083333333333336
45.416666666666664	-63.083333333333336
45.583333333333336	-63.083333333333336
45.75	-63.083333333333336
46.083333333333336	-63.083333333333336
46.25	-63.083333333333336
46.416666666666664	-63.083333333333336
49.25	-63.083333333333336
49.416666666666664	-63.083333333333336
49.583333333333336	-63.083333333333336
49.75	-63.083333333333336
50.25	-63.083333333333336
51.416666666666664	-63.083333333333336
45.083333333333336	-62.916666666666664
45.25	-62.916666666666664
45.416666666666664	-62.916666666666664
45.583333333333336	-62.916666666666664
45.75	-62.916666666666664
45.916666666666664	-62.916666666666664
46.083333333333336	-62.916666666666664
46.25	-62.916666666666664
46.416666666666664	-62.916666666666664
49.416666666666664	-62.916666666666664
49.583333333333336	-62.916666666666664
49.75	-62.916666666666664
53.25	-62.916666666666664
58.583333333333336	-62.916666666666664
45.083333333333336	-62.75
45.25	-62.75
45.416666666666664	-62.75
45.583333333333336	-62.75
45.75	-62.75
45.916666666666664	-62.75
46.083333333333336	-62.75
46.25	-62.75
46.416666666666664	-62.75
49.25	-62.75
49.583333333333336	-62.75
50.25	-62.75
50.416666666666664	-62.75
45.083333333333336	-62.583333333333336
45.25	-62.583333333333336
45.416666666666664	-62.583333333333336
45.583333333333336	-62.583333333333336
45.75	-62.583333333333336
45.916666666666664	-62.583333333333336
46.083333333333336	-62.583333333333336
46.25	-62.583333333333336
46.416666666666664	-62.583333333333336
49.083333333333336	-62.583333333333336
49.25	-62.583333333333336
49.416666666666664	-62.583333333333336
49.583333333333336	-62.583333333333336
45.083333333333336	-62.416666666666664
45.25	-62.416666666666664
45.416666666666664	-62.416666666666664
45.583333333333336	-62.416666666666664
45.75	-62.416666666666664
45.916666666666664	-62.416666666666664
46.083333333333336	-62.416666666666664
46.25	-62.416666666666664
46.416666666666664	-62.416666666666664
49.083333333333336	-62.416666666666664
49.25	-62.416666666666664
49.416666666666664	-62.416666666666664
49.583333333333336	-62.416666666666664
53.25	-62.416666666666664
45.083333333333336	-62.25
45.25	-62.25
45.416666666666664	-62.25
45.583333333333336	-62.25
45.75	-62.25
46.416666666666664	-62.25
49.083333333333336	-62.25
49.25	-62.25
49.416666666666664	-62.25
53.25	-62.25
45.083333333333336	-62.083333333333336
45.25	-62.083333333333336
45.416666666666664	-62.083333333333336
45.583333333333336	-62.083333333333336
45.75	-62.083333333333336
46.416666666666664	-62.083333333333336
47.25	-62.083333333333336
49.083333333333336	-62.083333333333336
50.25	-62.083333333333336
50.75	-62.083333333333336
50.916666666666664	-62.083333333333336
53.083333333333336	-62.083333333333336
45.083333333333336	-61.916666666666664
45.25	-61.916666666666664
45.416666666666664	-61.916666666666664
45.583333333333336	-61.916666666666664
45.75	-61.916666666666664
45.916666666666664	-61.916666666666664
46.416666666666664	-61.916666666666664
47.25	-61.916666666666664
47.416666666666664	-61.916666666666664
49.25	-61.916666666666664
49.416666666666664	-61.916666666666664
50.25	-61.916666666666664
50.916666666666664	-61.916666666666664
52.083333333333336	-61.916666666666664
52.25	-61.916666666666664
53.083333333333336	-61.916666666666664
45.083333333333336	-61.75
45.25	-61.75
45.416666666666664	-61.75
45.583333333333336	-61.75
47.25	-61.75
47.416666666666664	-61.75
47.583333333333336	-61.75
49.25	-61.75
50.083333333333336	-61.75
50.25	-61.75
50.416666666666664	-61.75
50.916666666666664	-61.75
51.25	-61.75
51.416666666666664	-61.75
53.083333333333336	-61.75
56.583333333333336	-61.75
45.083333333333336	-61.583333333333336
45.25	-61.583333333333336
45.416666666666664	-61.583333333333336
45.583333333333336	-61.583333333333336
45.75	-61.583333333333336
45.916666666666664	-61.583333333333336
46.083333333333336	-61.583333333333336
47.583333333333336	-61.583333333333336
50.083333333333336	-61.583333333333336
50.25	-61.583333333333336
50.916666666666664	-61.583333333333336
51.416666666666664	-61.583333333333336
53.083333333333336	-61.583333333333336
45.25	-61.416666666666664
45.416666666666664	-61.416666666666664
45.583333333333336	-61.416666666666664
45.75	-61.416666666666664
45.916666666666664	-61.416666666666664
46.083333333333336	-61.416666666666664
46.25	-61.416666666666664
47.583333333333336	-61.416666666666664
47.75	-61.416666666666664
50.083333333333336	-61.416666666666664
50.25	-61.416666666666664
51.25	-61.416666666666664
52.25	-61.416666666666664
56.25	-61.416666666666664
45.25	-61.25
45.583333333333336	-61.25
45.75	-61.25
45.916666666666664	-61.25
46.083333333333336	-61.25
46.25	-61.25
46.416666666666664	-61.25
50.25	-61.25
51.75	-61.25
52.083333333333336	-61.25
52.25	-61.25
52.416666666666664	-61.25
45.25	-61.083333333333336
45.416666666666664	-61.083333333333336
45.583333333333336	-61.083333333333336
45.75	-61.083333333333336
45.916666666666664	-61.083333333333336
46.083333333333336	-61.083333333333336
46.25	-61.083333333333336
46.416666666666664	-61.083333333333336
46.583333333333336	-61.083333333333336
51.583333333333336	-61.083333333333336
52.083333333333336	-61.083333333333336
52.25	-61.083333333333336
45.25	-60.916666666666664
45.416666666666664	-60.916666666666664
45.583333333333336	-60.916666666666664
45.75	-60.916666666666664
45.916666666666664	-60.916666666666664
46.083333333333336	-60.916666666666664
46.25	-60.916666666666664
46.416666666666664	-60.916666666666664
46.583333333333336	-60.916666666666664
46.75	-60.916666666666664
52.083333333333336	-60.916666666666664
52.25	-60.916666666666664
53.25	-60.916666666666664
45.583333333333336	-60.75
45.75	-60.75
45.916666666666664	-60.75
46.083333333333336	-60.75
46.25	-60.75
46.416666666666664	-60.75
46.583333333333336	-60.75
46.75	-60.75
46.916666666666664	-60.75
50.25	-60.75
52.083333333333336	-60.75
53.25	-60.75
45.583333333333336	-60.583333333333336
45.75	-60.583333333333336
45.916666666666664	-60.583333333333336
46.083333333333336	-60.583333333333336
46.25	-60.583333333333336
46.416666666666664	-60.583333333333336
46.583333333333336	-60.583333333333336
46.75	-60.583333333333336
46.916666666666664	-60.583333333333336
47.083333333333336	-60.583333333333336
50.25	-60.583333333333336
52.083333333333336	-60.583333333333336
53.25	-60.583333333333336
45.583333333333336	-60.416666666666664
45.75	-60.416666666666664
45.916666666666664	-60.416666666666664
46.083333333333336	-60.416666666666664
46.25	-60.416666666666664
46.416666666666664	-60.416666666666664
46.583333333333336	-60.416666666666664
46.75	-60.416666666666664
46.916666666666664	-60.416666666666664
47.083333333333336	-60.416666666666664
50.25	-60.416666666666664
53.083333333333336	-60.416666666666664
53.25	-60.416666666666664
53.416666666666664	-60.416666666666664
45.75	-60.25
45.916666666666664	-60.25
46.083333333333336	-60.25
46.25	-60.25
46.75	-60.25
50.25	-60.25
51.25	-60.25
51.75	-60.25
52.916666666666664	-60.25
53.25	-60.25
53.416666666666664	-60.25
55.416666666666664	-60.25
45.75	-60.083333333333336
45.916666666666664	-60.083333333333336
46.083333333333336	-60.083333333333336
46.25	-60.083333333333336
47.25	-60.083333333333336
50.25	-60.083333333333336
51.083333333333336	-60.083333333333336
52.916666666666664	-60.083333333333336
53.583333333333336	-60.083333333333336
45.916666666666664	-59.916666666666664
46.083333333333336	-59.916666666666664
46.25	-59.916666666666664
45.916666666666664	-59.75
46.083333333333336	-59.75
46.25	-59.75
51.583333333333336	-59.75
52.75	-59.75
53.416666666666664	-59.75
50.416666666666664	-59.583333333333336
52.583333333333336	-59.583333333333336
52.75	-59.583333333333336
47.916666666666664	-59.416666666666664
50.416666666666664	-59.416666666666664
47.583333333333336	-59.25
47.75	-59.25
47.916666666666664	-59.25
48.416666666666664	-59.25
48.583333333333336	-59.25
50.583333333333336	-59.25
50.75	-59.25
52.583333333333336	-59.25
55.083333333333336	-59.25
47.583333333333336	-59.083333333333336
47.916666666666664	-59.083333333333336
48.583333333333336	-59.083333333333336
52.583333333333336	-59.083333333333336
55.083333333333336	-59.083333333333336
47.583333333333336	-58.916666666666664
47.916666666666664	-58.916666666666664
48.083333333333336	-58.916666666666664
48.25	-58.916666666666664
48.583333333333336	-58.916666666666664
48.75	-58.916666666666664
50.75	-58.916666666666664
50.916666666666664	-58.916666666666664
53.916666666666664	-58.916666666666664
47.583333333333336	-58.75
48.083333333333336	-58.75
48.25	-58.75
48.416666666666664	-58.75
48.583333333333336	-58.75
48.75	-58.75
52.583333333333336	-58.75
48.083333333333336	-58.583333333333336
48.25	-58.583333333333336
48.416666666666664	-58.583333333333336
48.583333333333336	-58.583333333333336
51.25	-58.583333333333336
48.416666666666664	-58.416666666666664
48.583333333333336	-58.416666666666664
49.083333333333336	-58.416666666666664
51.25	-58.416666666666664
52.75	-58.416666666666664
48.416666666666664	-58.25
48.583333333333336	-58.25
48.75	-58.25
48.916666666666664	-58.25
49.083333333333336	-58.25
48.416666666666664	-58.083333333333336
48.75	-58.083333333333336
48.916666666666664	-58.083333333333336
49.083333333333336	-58.083333333333336
49.416666666666664	-58.083333333333336
49.583333333333336	-58.083333333333336
48.25	-57.916666666666664
48.416666666666664	-57.916666666666664
48.75	-57.916666666666664
48.916666666666664	-57.916666666666664
49.083333333333336	-57.916666666666664
49.416666666666664	-57.916666666666664
49.583333333333336	-57.916666666666664
49.75	-57.916666666666664
49.916666666666664	-57.916666666666664
53.083333333333336	-57.916666666666664
47.75	-57.75
48.083333333333336	-57.75
48.25	-57.75
48.416666666666664	-57.75
48.75	-57.75
48.916666666666664	-57.75
49.083333333333336	-57.75
49.416666666666664	-57.75
49.583333333333336	-57.75
49.75	-57.75
49.916666666666664	-57.75
50.083333333333336	-57.75
51.416666666666664	-57.75
51.583333333333336	-57.75
47.583333333333336	-57.583333333333336
47.75	-57.583333333333336
47.916666666666664	-57.583333333333336
48.916666666666664	-57.583333333333336
49.083333333333336	-57.583333333333336
49.25	-57.583333333333336
49.416666666666664	-57.583333333333336
49.583333333333336	-57.583333333333336
49.75	-57.583333333333336
50.083333333333336	-57.583333333333336
50.25	-57.583333333333336
50.416666666666664	-57.583333333333336
51.416666666666664	-57.583333333333336
54.083333333333336	-57.583333333333336
47.583333333333336	-57.416666666666664
48.416666666666664	-57.416666666666664
49.083333333333336	-57.416666666666664
49.25	-57.416666666666664
49.75	-57.416666666666664
49.916666666666664	-57.416666666666664
50.416666666666664	-57.416666666666664
50.583333333333336	-57.416666666666664
50.75	-57.416666666666664
51.416666666666664	-57.416666666666664
51.583333333333336	-57.416666666666664
53.083333333333336	-57.416666666666664
53.416666666666664	-57.416666666666664
48.583333333333336	-57.25
49.25	-57.25
49.416666666666664	-57.25
49.583333333333336	-57.25
49.75	-57.25
49.916666666666664	-57.25
50.416666666666664	-57.25
50.583333333333336	-57.25
50.75	-57.25
51.416666666666664	-57.25
51.583333333333336	-57.25
52.916666666666664	-57.25
53.416666666666664	-57.25
54.083333333333336	-57.25
48.583333333333336	-57.083333333333336
49.083333333333336	-57.083333333333336
49.25	-57.083333333333336
49.583333333333336	-57.083333333333336
50.083333333333336	-57.083333333333336
50.416666666666664	-57.083333333333336
50.583333333333336	-57.083333333333336
50.75	-57.083333333333336
50.916666666666664	-57.083333333333336
51.416666666666664	-57.083333333333336
53.416666666666664	-57.083333333333336
53.583333333333336	-57.083333333333336
53.75	-57.083333333333336
48.75	-56.916666666666664
49.25	-56.916666666666664
49.416666666666664	-56.916666666666664
49.583333333333336	-56.916666666666664
49.75	-56.916666666666664
50.583333333333336	-56.916666666666664
50.916666666666664	-56.916666666666664
51.083333333333336	-56.916666666666664
51.416666666666664	-56.916666666666664
51.583333333333336	-56.916666666666664
51.916666666666664	-56.916666666666664
53.583333333333336	-56.916666666666664
53.75	-56.916666666666664
47.583333333333336	-56.75
48.25	-56.75
48.75	-56.75
49.25	-56.75
49.583333333333336	-56.75
49.916666666666664	-56.75
50.083333333333336	-56.75
50.916666666666664	-56.75
51.083333333333336	-56.75
51.25	-56.75
51.416666666666664	-56.75
51.583333333333336	-56.75
51.75	-56.75
48.75	-56.583333333333336
48.916666666666664	-56.583333333333336
49.083333333333336	-56.583333333333336
49.25	-56.583333333333336
49.75	-56.583333333333336
51.083333333333336	-56.583333333333336
51.416666666666664	-56.583333333333336
51.75	-56.583333333333336
48.75	-56.416666666666664
49.25	-56.416666666666664
49.416666666666664	-56.416666666666664
50.916666666666664	-56.416666666666664
51.416666666666664	-56.416666666666664
51.75	-56.416666666666664
51.916666666666664	-56.416666666666664
48.583333333333336	-56.25
49.083333333333336	-56.25
49.25	-56.25
49.416666666666664	-56.25
49.583333333333336	-56.25
49.75	-56.25
49.916666666666664	-56.25
50.916666666666664	-56.25
51.916666666666664	-56.25
52.583333333333336	-56.25
52.75	-56.25
47.416666666666664	-56.083333333333336
47.916666666666664	-56.083333333333336
48.916666666666664	-56.083333333333336
49.083333333333336	-56.083333333333336
49.416666666666664	-56.083333333333336
49.583333333333336	-56.083333333333336
49.916666666666664	-56.083333333333336
50.916666666666664	-56.083333333333336
51.083333333333336	-56.083333333333336
51.25	-56.083333333333336
51.416666666666664	-56.083333333333336
51.75	-56.083333333333336
52.083333333333336	-56.083333333333336
52.25	-56.083333333333336
52.416666666666664	-56.083333333333336
52.75	-56.083333333333336
46.916666666666664	-55.916666666666664
47.083333333333336	-55.916666666666664
47.416666666666664	-55.916666666666664
47.583333333333336	-55.916666666666664
47.916666666666664	-55.916666666666664
48.916666666666664	-55.916666666666664
49.75	-55.916666666666664
51.25	-55.916666666666664
51.416666666666664	-55.916666666666664
51.583333333333336	-55.916666666666664
52.25	-55.916666666666664
52.75	-55.916666666666664
46.916666666666664	-55.75
47.083333333333336	-55.75
47.583333333333336	-55.75
47.75	-55.75
47.916666666666664	-55.75
48.916666666666664	-55.75
49.416666666666664	-55.75
49.583333333333336	-55.75
51.416666666666664	-55.75
51.583333333333336	-55.75
52.25	-55.75
46.916666666666664	-55.583333333333336
47.083333333333336	-55.583333333333336
48.583333333333336	-55.583333333333336
48.75	-55.583333333333336
48.916666666666664	-55.583333333333336
49.083333333333336	-55.583333333333336
49.583333333333336	-55.583333333333336
50.75	-55.583333333333336
51.25	-55.583333333333336
51.416666666666664	-55.583333333333336
51.583333333333336	-55.583333333333336
52.25	-55.583333333333336
46.916666666666664	-55.416666666666664
47.083333333333336	-55.416666666666664
47.25	-55.416666666666664
48.25	-55.416666666666664
48.416666666666664	-55.416666666666664
48.583333333333336	-55.416666666666664
48.916666666666664	-55.416666666666664
49.083333333333336	-55.416666666666664
49.25	-55.416666666666664
49.416666666666664	-55.416666666666664
49.583333333333336	-55.416666666666664
51.583333333333336	-55.416666666666664
47.083333333333336	-55.25
47.25	-55.25
47.583333333333336	-55.25
48.083333333333336	-55.25
49.083333333333336	-55.25
49.25	-55.25
47.083333333333336	-55.083333333333336
47.25	-55.083333333333336
48.083333333333336	-55.083333333333336
48.75	-55.083333333333336
49.083333333333336	-55.083333333333336
49.25	-55.083333333333336
